{
  "video_identification": {
    "video_id": "Nj-FK6fK1A4",
    "title": "Talking about Return – Rawan Bisharat | שיחות על שיבה - רואן בשאראת",
    "href": "/watch?v=Nj-FK6fK1A4",
    "full_url": "https://www.youtube.com/watch?v=Nj-FK6fK1A4",
    "content_type": "video"
  },
  "basic_info": {
    "date": "207 views",
    "view_count": "207 views",
    "channel": "Zochrot"
  },
  "extracted_metadata": {
    "title": "Talking about Return – Rawan Bisharat | שיחות על שיבה - רואן בשאראת",
    "date": "2018-09-09",
    "place": "Easter",
    "topic": "Refugees/Displacement",
    "description": "Every year at Easter, a ceremony takes place in Ma'alul that connects the community of displaced persons and their descendants to the village from which they were expelled. This is not just a romantic-symbolic act, the community also has a practical plan for realizing the return. A conversation with Rowan Bisharat, the daughter of an uprooted family from the village of Ma'lul. Language: Hebrew with Hebrew and English Subtitles With Hebrew subtitles • שיחות על שיבה - רואן בשאראת כל שנה בחג הפסחא מתקיים במעלול טקס המחבר את קהילת עקורי וצאצאיהם לישוב ממנו גורשו. אך לא מדובר רק באקט סימבולי רומנטי, יש לקהילה גם תכנית פרקטית למימוש השיבה. שיחה עם רואן בשאראת, בת למשפחה עקורה מהכפר מעלול.",
    "channel": "Zochrot"
  },
  "metadata": {
    "source_url": "https://www.youtube.com",
    "scraped_at": "2025-11-05T22:26:25.778528",
    "extraction_method": "Playlist Video Page"
  }
}