{
  "video_identification": {
    "video_id": "P0OJnOkWe2k",
    "title": "Every Life, A Universe - October 8th Gathering",
    "href": "/watch?v=P0OJnOkWe2k&pp=0gcJCQMKAYcqIYzv",
    "full_url": "https://www.youtube.com/watch?v=P0OJnOkWe2k&pp=0gcJCQMKAYcqIYzv",
    "content_type": "video"
  },
  "basic_info": {
    "date": "311 views",
    "view_count": "311 views",
    "channel": "combatantsforpeace5017"
  },
  "extracted_metadata": {
    "title": "Every Life, A Universe - October 8th Gathering",
    "date": "Date Not Available",
    "place": "Location Not Specified",
    "topic": "General Documentation",
    "description": "General Documentation - Location Not Specified",
    "channel": "combatantsforpeace5017"
  },
  "metadata": {
    "source_url": "https://www.youtube.com",
    "scraped_at": "2025-11-05T22:51:39.036901",
    "extraction_method": "Playlist Video Page"
  }
}