{
  "video_identification": {
    "video_id": "G1tshiiTAE8",
    "title": "Webinar: Incarcerating the Imagination with the Jenin Freedom Theatre!",
    "href": "/watch?v=G1tshiiTAE8",
    "full_url": "https://www.youtube.com/watch?v=G1tshiiTAE8",
    "content_type": "video"
  },
  "basic_info": {
    "date": "118 views",
    "view_count": "118 views",
    "channel": "greenolivetours5614"
  },
  "extracted_metadata": {
    "title": "Webinar: Incarcerating the Imagination with the Jenin Freedom Theatre!",
    "date": "2025-06-16",
    "place": "Jenin",
    "topic": "Separation Wall/Barrier",
    "description": "On Monday, June 16th of 2025 we joined for a public webinar with Mustafa Sheta of the Jenin Freedom Theatre to discuss the role of art under occupation. He is the General Manager of the Jenin Freedom Theatre, a globally renowned institution that offers drama and performance art education in the heart of the Jenin Refugee Camp. Nearly all of Jenin refugee camp's 20,000 residents were displaced since the beginning of Operation Iron Wall in January 2025 and the site of the Freedom Theatre was not accessible. Mustafa himself was released from Israeli prison after over a year of unjust detainment and resumed his duties at the theatre in this challenging moment. He spoke with us about the escalating repression of Palestinian cultural workers, conditions in the refugee camps, the role of artistic storytelling under occupation, and the ongoing activities of the theatre as they continued staging artistic productions and imaginative performances around the world. This recording of the webinar is free and open to the public, but you can contribute to the Green Olive Collective at this link to sustain our work to challenge the violence of occupation and advocate for a democratic future: https://support.greenolivecollective....",
    "channel": "greenolivetours5614"
  },
  "metadata": {
    "source_url": "https://www.youtube.com",
    "scraped_at": "2025-11-05T22:12:09.942521",
    "extraction_method": "Playlist Video Page"
  }
}