{
  "video_identification": {
    "video_id": "JyFcpIKfpGg",
    "title": "Webinar: Unoccupied Skies with Ghassan Najjar of the Burin Land and Farming Cooperative!",
    "href": "/watch?v=JyFcpIKfpGg",
    "full_url": "https://www.youtube.com/watch?v=JyFcpIKfpGg",
    "content_type": "video"
  },
  "basic_info": {
    "date": "158 views",
    "view_count": "158 views",
    "channel": "greenolivetours5614"
  },
  "extracted_metadata": {
    "title": "Webinar: Unoccupied Skies with Ghassan Najjar of the Burin Land and Farming Cooperative!",
    "date": "2025-05-27",
    "place": "Nablus",
    "topic": "Settlement Expansion",
    "description": "Burin is a community near Nablus that is surrounded on all sides by violent settler outposts. Living in this reality has meant enduring years of settler harassment, military violence, and general disruption of livelihood. The community is coming together to host their annual kite festival on July 11th, and inviting people around the world to fly kites along with them and host solidarity events in our own communities as part of a global call to action. We joined with Ghassan to learn more about the community of Burin and about this powerful initiative. He is the director of the Burin Land and Farming Cooperative and spoke with us about the ways we can act in direct solidarity with community members resisting escalating state violence and settler attacks. This recording of the webinar is free and open to the public, but you can become a member of the Green Olive Collective at this link to sustain our work to challenge the violence of occupation and advocate for a democratic future: https://members.greenolivecollective....",
    "channel": "greenolivetours5614"
  },
  "metadata": {
    "source_url": "https://www.youtube.com",
    "scraped_at": "2025-11-05T22:12:10.158873",
    "extraction_method": "Playlist Video Page"
  }
}