{
  "video_identification": {
    "video_id": "jLIvM9VNKQk",
    "title": "THE TEN WARS ZIONISM WAGED AGAINST PALESTINIANS",
    "href": "/watch?v=jLIvM9VNKQk",
    "full_url": "https://www.youtube.com/watch?v=jLIvM9VNKQk",
    "content_type": "video"
  },
  "basic_info": {
    "date": "70 views",
    "view_count": "70 views",
    "channel": "PalestineLandSociety"
  },
  "extracted_metadata": {
    "title": "THE TEN WARS ZIONISM WAGED AGAINST PALESTINIANS",
    "date": "2020-09-13",
    "place": "Palestine",
    "topic": "Palestinian-Israeli Conflict",
    "description": "Salman Abu Sitta word during the webinar on Palestine & Kashmir: The destruction of indigenous cultural heritage...THE TEN WARS ZIONISM WAGED AGAINST PALESTINIANS.",
    "channel": "PalestineLandSociety"
  },
  "metadata": {
    "source_url": "https://www.youtube.com",
    "scraped_at": "2025-11-05T22:40:47.826079",
    "extraction_method": "Playlist Video Page"
  }
}