{
  "video_identification": {
    "video_id": "42ItM9sj9nI",
    "title": "Bridging Memory \\ جسر الذاكرة \\ Bridging Memory",
    "href": "/watch?v=42ItM9sj9nI",
    "full_url": "https://www.youtube.com/watch?v=42ItM9sj9nI",
    "content_type": "video"
  },
  "basic_info": {
    "date": "199 views",
    "view_count": "199 views",
    "channel": "Zochrot"
  },
  "extracted_metadata": {
    "title": "Bridging Memory \\ جسر الذاكرة \\ Bridging Memory",
    "date": "2015-11-04",
    "place": "Ein el",
    "topic": "Settlement Expansion",
    "description": "פרוייקט זיכרון מגשר צילום פליטים מכפר אלרַאס אלאַחְמָר שגרים היום במחנה פליטים עין אלחלוה בלבנון, והצבת תצלומים שלהם לצד שרידי הכפר 14.11.2007 אלרַאס אלאַחְמָר: נפה: סַ'פַד (צפת) אוכלוסיה 1948: 720 תאריך כיבוש: 30/10/1948 מבצע צבא: חירם יחידה כובשת: חטיבה 7 ישובים יהודיים על אדמות המקום לפני 1948: אין ישובים יהודיים על השטח הבנוי של המקום אחרי 1948: כרם בן זמרה ישובים יהודיים על אדמות המקום אחרי 1948: כרם בן זמרה לפרטים על הפרוייקט http://zochrot.org/he/activity/50623 “جسر الذاكرة” مشروع تصوير لاجئين من قرية الرأس الأحمر المهجّرة ويعيشون اليوم في مخيم اللاجئين عين الحلوه في لبنان، ونصب صورهم بجانب بيوت القرية المتبقية 14.11.2007 قرية الرأس الأحمر قضاء: صفد عدد السكان عام 1948: 720 تاريخ الإحتلال: 30/10/1948 الحملة العسكرية: حيرام مستوطنات أقيمت على أراضي البلدة قبل 1948: لا يوجد مستوطنات أقيمت على مسطّح البلدة بعد 1948: كيرم بن زمرا مستوطنات أقيمت على أراضي البلدة بعد 1948: كيرم بن زمرا Bridging Memory project photographing refugees from al- Ras al-Ahmar in their homes in Ein el-Hilweh refugee camp in Lebanon, and bring the photos to al- Ras al-Ahmar enlarge, them to life-size, print them, and set them up amid the ruins of their village. 14.11.2007 al- Ras al-Ahmar District: Safed Population 1948: 720 Occupation date: 30/10/1948 Military operation: Hiram Jewish settlements on village\\town land before 1948: None Jewish settlements on the built-up area of the village\\town after 1948: Kerem Ben Zimra Jewish settlements on village\\town land after 1948: Kerem Ben Zimra",
    "channel": "Zochrot"
  },
  "metadata": {
    "source_url": "https://www.youtube.com",
    "scraped_at": "2025-11-05T22:27:00.641836",
    "extraction_method": "Playlist Video Page"
  }
}