{
  "video_identification": {
    "video_id": "l_7J8PAaKlY",
    "title": "Webinar: The Humanitarian Catastrophe in Gaza with UNRWA",
    "href": "/watch?v=l_7J8PAaKlY",
    "full_url": "https://www.youtube.com/watch?v=l_7J8PAaKlY",
    "content_type": "video"
  },
  "basic_info": {
    "date": "264 views",
    "view_count": "264 views",
    "channel": "greenolivetours5614"
  },
  "extracted_metadata": {
    "title": "Webinar: The Humanitarian Catastrophe in Gaza with UNRWA",
    "date": "2024-07-15",
    "place": "Gaza Strip",
    "topic": "Violence/Confrontation",
    "description": "On Sunday, July 14th of 2024 the Green Olive Collective joined with UNRWA Director of Planning Sam Rose shortly after he left Khan Yunis in Gaza to discuss current humanitarian conditions, the imperative of aid, the engineered famine, and infrastructure failure. Sam provided an analysis of the conditions on the ground and discussed the urgent need for a political solution. This recording of the webinar is free and open to the public, but you can become a member of the Green Olive Collective at the following link to sustain our work to challenge the violence of occupation and advocate for a democratic future: https://members.greenolivecollective....",
    "channel": "greenolivetours5614"
  },
  "metadata": {
    "source_url": "https://www.youtube.com",
    "scraped_at": "2025-11-05T22:12:12.260158",
    "extraction_method": "Playlist Video Page"
  }
}