{
  "video_identification": {
    "video_id": "z1qQXT-_1No",
    "title": "Awards of the 8th year competition for the reconstruction of destroyed Palestinian villages",
    "href": "/watch?v=z1qQXT-_1No",
    "full_url": "https://www.youtube.com/watch?v=z1qQXT-_1No",
    "content_type": "video"
  },
  "basic_info": {
    "date": "197 views",
    "view_count": "197 views",
    "channel": "PalestineLandSociety"
  },
  "extracted_metadata": {
    "title": "Awards of the 8th year competition for the reconstruction of destroyed Palestinian villages",
    "date": "2024-09-17",
    "place": "Location Not Specified",
    "topic": "Palestinian-Israeli Conflict",
    "description": "Transcript Follow along using the transcript. Show transcript PalestineLandSociety 1.09K subscribers",
    "channel": "PalestineLandSociety"
  },
  "metadata": {
    "source_url": "https://www.youtube.com",
    "scraped_at": "2025-11-05T22:40:33.883471",
    "extraction_method": "Playlist Video Page"
  }
}