{
  "video_identification": {
    "video_id": "3HEebB6Bor0",
    "title": "Tour8 Arabic Acre Al Mettula",
    "href": "/watch?v=3HEebB6Bor0&pp=0gcJCQMKAYcqIYzv",
    "full_url": "https://www.youtube.com/watch?v=3HEebB6Bor0&pp=0gcJCQMKAYcqIYzv",
    "content_type": "video"
  },
  "basic_info": {
    "date": "33 views",
    "view_count": "33 views",
    "channel": "PalestineLandSociety"
  },
  "extracted_metadata": {
    "title": "Tour8 Arabic Acre Al Mettula",
    "date": "2012-10-22",
    "place": "Location Not Specified",
    "topic": "General Documentation",
    "description": "Tour8 Arabic Acre Al Mettula 1Likes33Views2012Oct 23 … PalestineLandSociety 1.09K subscribers",
    "channel": "PalestineLandSociety"
  },
  "metadata": {
    "source_url": "https://www.youtube.com",
    "scraped_at": "2025-11-05T22:41:00.511479",
    "extraction_method": "Playlist Video Page"
  }
}