{
  "video_identification": {
    "video_id": "LM02Ml9P0QU",
    "title": "Rabbis for Human Rights Fight for Fair Prices!",
    "full_url": "https://www.youtube.com/shorts/LM02Ml9P0QU",
    "content_type": "shorts"
  },
  "basic_info": {
    "duration": "Short Form",
    "channel": "rabbisforhumanrights4516",
    "channel_url": "https://www.youtube.com/@rabbisforhumanrights4516/shorts"
  },
  "extracted_metadata": {
    "date": "2025-01-08",
    "place": "Location Not Specified",
    "topic": "Human Rights",
    "description": "In the coming week, a harsh budget will pass, slashing workers’ salaries, increasing VAT, and pushing hundreds of thousands of families already struggling into even worse conditions. The high cost of food affects us all. We cannot allow such a cruel budget to pass – the government must take responsibility and support vulnerable populations. Click the link, send an email to all ministers with one click, and demand they stop the runaway prices, regulate the costs of healthy essential goods, and reduce VAT on them! https://drove.com/.2N24",
    "channel": "rabbisforhumanrights4516"
  },
  "metadata": {
    "scraped_at": "2025-11-05T22:10:32.703257"
  }
}