{
  "video_identification": {
    "video_id": "aHTiTm-MHGk",
    "title": "Lecture: Continuous displacement: Institutionalized internal and external displacement",
    "href": "/watch?v=aHTiTm-MHGk",
    "full_url": "https://www.youtube.com/watch?v=aHTiTm-MHGk",
    "content_type": "video"
  },
  "basic_info": {
    "date": "305 views",
    "view_count": "305 views",
    "channel": "Zochrot"
  },
  "extracted_metadata": {
    "title": "Lecture: Continuous displacement: Institutionalized internal and external displacement",
    "date": "2014-12-31",
    "place": "Israel",
    "topic": "Home Demolition",
    "description": "עקירה מתמשכת: עקירה פנימית וחיצונית ממוסדת הרצאה זו תתמקד בהנדסת מעמד אזרחי: מניעת אזרחות, מניעת תושבות, שלילת תושבות, והגבלות על רישום ילדים ואיחוד משפחות. ההרצאה תעסוק גם בהריסת בתים בישראל ובשטחים הפלסטיניים הכבושים, כמו גם בשיטות אחרות של עקירה מתמשכת: הפקעת נכסים, יצירת תנאים בלתי נסבלים שגורמים לאוכלוסיות שלמות לעקור ממקומן וגירושים מטעמי \"בטחון\". מרצים: ד\"ר מוניר נוסייבה פרופ' ג'ף הלפר מתוך: פליטים ועקורים בישראל/פלסטין: מדיניות עקבית של עקירה / קורס של עמותת זוכרות על פליטים ועקורים פנימיים פלסטיניים 19/11/2014 | תל אביב | אנגלית ד\"ר מוניר נוסייבה הוא משפטן וחוקר זכויות אדם באוניברסיטת אל-קודס. נוסייבה מכהן כפרופסור משנה בפקולטה למשפטים של האוניברסיטה וכן עומד בראש קליניקת אל-קודס לזכויות אדם – תוכנית החינוך המשפטי הקליני הראשונה שזכתה להכרה אקדמית בעולם הערבי, שהיה אחד ממייסדיה. פרופ' ג'ף הלפר, המקים ומתאם הפעולות של הוועד הישראלי נגד הריסת בתים. محاضرة : النزوح المستمرّ: النزوح المؤسّسيّ الداخليّ والخارجيّ سيركّز اللقاء على منع هندسة الحالة–المواطنة، منع الإقامة، إبطال الإقامة، قيود تسجيل الأطفال، وقيود لمّ الشمل. وحول تدمير المنازل في إسرائيل والأراضي الفِلَسطينية المحتلة، والأساليب الأخرى المتّبعة للاقتلاع – النزوح المستمرّ: الطرد من الممتلكات، خلق أوضاع لا تطاق تدفع بالسكان إلى المغادرة، والترحيلات المسوّغة بالدواعي الأمنية. د. منير نسيبة بروفسور جيف هلفير \"اللاجئون والنازحون داخليًّا في إسرائيل/فِلَسطين: السياسة الدؤوبة للاقتلاع\" / دورة \"ذاكرات\" حول اللاجئين الفِلَسطينيين والمقتلَعين | 19/11/2014 تل أبيب | الإنجليزية د. منير نسيبة: محامي حقوق إنسان وأكاديميّ في جامعة القدس، في مدينة القدس بفِلَسطين. هو أستاذ مساعد في كلّية حقوق جامعة القدس، ورئيس عيادة القدس لحقوق الإنسان وعضو مؤسّس فيها؛ حيث تمثّل هذه العيادة برنامج التثقيف القانونيّ الإكلينيكيّ المعتمد الأوّل في العالم العربيّ. بروفسور جيف هلفير، مؤسس ومنسّق نشاطات الحركة الاسرائلية ضد هدم البيوت Lecture: Continuous displacement: Institutionalized internal and external displacement The lecture will focus on the Status engineering- citizenship prevention, residency prevention, residency revocation, child registration restriction, family unification restrictions. About Home Demolition in Israel and the OPT, and other methods of continuous displacement: dispossession of property, creating unbearable conditions that drive populations to leave and security-justified deportations. lecturers: Prof. Jeff Halper Dr. Munir Nuseibah from: Refugees and IDPs in Israel/ Palestine: The consistent policy of displacementZochrot's course on Palestinian Refugees and IDPs 19/11/2014 | Tel Aviv | English Dr Munir Nuseibah is a human rights lawyer and academic based in Al-Quds University in Jerusalem, Palestine. He is an assistant professor at Al-Quds University's faculty of law; the director (and co-founder) of Al-Quds Human Rights Clinic, the first accredited clinical legal education program in the Arab World. Prof. Jeff Halper - Founder and Coordinator of the Israeli Committee Against House Demolitions (ICAHD)",
    "channel": "Zochrot"
  },
  "metadata": {
    "source_url": "https://www.youtube.com",
    "scraped_at": "2025-11-05T22:27:13.757576",
    "extraction_method": "Playlist Video Page"
  }
}