{
  "video_identification": {
    "video_id": "FrHHbP3M8FQ",
    "title": "Palestine Land Studies Center Inauguration Ceremony",
    "href": "/watch?v=FrHHbP3M8FQ&pp=0gcJCQMKAYcqIYzv",
    "full_url": "https://www.youtube.com/watch?v=FrHHbP3M8FQ&pp=0gcJCQMKAYcqIYzv",
    "content_type": "video"
  },
  "basic_info": {
    "date": "52 views",
    "view_count": "52 views",
    "channel": "PalestineLandSociety"
  },
  "extracted_metadata": {
    "title": "Palestine Land Studies Center Inauguration Ceremony",
    "date": "2022-01-29",
    "place": "Gaza Strip",
    "topic": "Palestine Land Studies Center",
    "description": "Key moments View all The Advisory Committee of the Plsc The Advisory Committee of the Plsc 5:20 The Advisory Committee of the Plsc 5:20 Intervention of Dr Sanman Abu Sitta Intervention of Dr Sanman Abu Sitta 15:29 Intervention of Dr Sanman Abu Sitta 15:29 Gaza Gaza 17:51 Gaza 17:51 Owen Library Owen Library 23:16 Owen Library 23:16 Atlas of Palestine 1871 to 1877 Atlas of Palestine 1871 to 1877 29:16 Atlas of Palestine 1871 to 1877 29:16 Conclusion Conclusion 40:53 Conclusion 40:53 Transcript Follow along using the transcript. Show transcript PalestineLandSociety 1.09K subscribers",
    "channel": "PalestineLandSociety"
  },
  "metadata": {
    "source_url": "https://www.youtube.com",
    "scraped_at": "2025-11-05T22:40:40.267288",
    "extraction_method": "Playlist Video Page"
  }
}