{
  "video_identification": {
    "video_id": "mc_UZwzkVCk",
    "title": "The Anti-Occupation bloc at The Israeli protest movement | Rachel Beitarie talk",
    "href": "/watch?v=mc_UZwzkVCk",
    "full_url": "https://www.youtube.com/watch?v=mc_UZwzkVCk",
    "content_type": "video"
  },
  "basic_info": {
    "date": "448 views",
    "view_count": "448 views",
    "channel": "Zochrot"
  },
  "extracted_metadata": {
    "title": "The Anti-Occupation bloc at The Israeli protest movement | Rachel Beitarie talk",
    "date": "2023-05-15",
    "place": "The",
    "topic": "Protest/Demonstration",
    "description": "The Anti-Occupation bloc at The Israeli protest movement 22/4/2023 Zochrot's director Rachel Beitarie Since the extreme right wing government headed by Benjamin Netanyahu came into power in 2023 and declared judicial reform that will strip away much of the supreme court's power, hundreds of thousands of Israelis go out on the street every week to protest the proposed legislature and to \"protect democracy\". Most protesters mean \"democracy\" for Jews only but within the protests in various cities anti-occupation blocs were formed chanting the slogans \"No democracy with occupation\" and \"Democracy to all, from the river to the sea\". The anti-occupation protesters agree with the others regarding the threat of judicial overhaul but rather than calling for a return to a status quo, they are pushing to use this political moment to end the oppression of the Palestinian people and to bring true democracy. This speech was given to the anti-occupation bloc in Tel Aviv on April 22, 2023, a few days before Israeli independence day. הגוש נגד הכיבוש בהפגנות המחאה בתל אביב 22.4.2023 מנכ\"לית זוכרות רחל בית אריה מאז הקמת ממשלת הימין הקיצוני בראשות בנימין נתניהו בינואר 2023 והכרזתה על רפורמה משפטית והגבלת סמכויות בית המשפט העליון, מאות אלפי ישראלים יוצאים מדי שבוע למחות נגד החקיקה ו\"למען הדמוקרטיה\". רוב המוחים מתכוונים לדמוקרטיה ליהודים בלבד אבל בתוך ההפגנות בערים השונות התגבשו גושי מפגינים נפרדים שנושאים את הסיסמאות \"אין כזה דבר דמוקרטיה עם כיבוש\" ו\"דמוקרטיה לכולןם מהירדן ועד הים\". הם מסכימים עם המחאה על סכנות ההפיכה המשפטית אבל במקום קריאה לחזור לסטטוס קוו, הם דוחפים להשתמש ברגע הפוליטי הזה להביא לסיום הדיכוי של העם הפלסטיני וכינון דמוקרטיה אמיתית.",
    "channel": "Zochrot"
  },
  "metadata": {
    "source_url": "https://www.youtube.com",
    "scraped_at": "2025-11-05T22:26:12.015482",
    "extraction_method": "Playlist Video Page"
  }
}