{
  "video_identification": {
    "video_id": "PFYdcLS3ipI",
    "title": "Return Conference \\ Zochrot \\ Panel: Return Now! Local Models (Part 2) \\ English Dubbing",
    "href": "/watch?v=PFYdcLS3ipI",
    "full_url": "https://www.youtube.com/watch?v=PFYdcLS3ipI",
    "content_type": "video"
  },
  "basic_info": {
    "date": "78 views",
    "view_count": "78 views",
    "channel": "Zochrot"
  },
  "extracted_metadata": {
    "title": "Return Conference \\ Zochrot \\ Panel: Return Now! Local Models (Part 2) \\ English Dubbing",
    "date": "2016-05-22",
    "place": "Israel",
    "topic": "Refugees/Displacement",
    "description": "How to say 'Awda in Hebrew? The 3rd International Conference on the Return of Palestinian Refugees From: 21-22/03/2016 *Panel: Return Now! Local Models (Part 2)* Chair: Umar al-Ghubari– Coordinator of Space for Return, Zochrot Community Power at Iqrit /Nemi Ashlar From the Palestinian Jamassin Al-Gharbi to the Israeli Givat Amal B: Critical Reading of a “historical taboo” / Dr. Uri Davis – Anti-Zionist of European-Jewish descent, born in Jerusalem in 1943, citizen of Apartheid Israel, Member of the Palestinian National Council and Fatah Uncovering the Role of Displaced Women in the Return to Kozarac (Bosnia and Herzegovina) / Dr. Selma Porobić – Activist and Forced Migration scholar, Director Centre for refugee and IDP studies, University of Sarajevo To watch the panel in Arabic: • مؤتمر العودة الثالث \\ زوخروت \\ العودة الآن... To watch the panel in Hebrew: • כנס השיבה / פאנל: שיבה עכשיו! מודלים מקומי... To watch the panel in English: • Return Conference \\ Zochrot \\ Panel: Retur... To watch the panel in the original languages: • Return Conference \\ Zochrot \\ Panel: Retur... *** about the conference: http://www.zochrot.org/en/event/56261 Like us on Facebook: / zochrot",
    "channel": "Zochrot"
  },
  "metadata": {
    "source_url": "https://www.youtube.com",
    "scraped_at": "2025-11-05T22:26:49.407370",
    "extraction_method": "Playlist Video Page"
  }
}