{
  "video_identification": {
    "video_id": "-Gf2zlXuvmY",
    "title": "Webinar: Palestinian Trade Unionism with Mohammed Barakat!",
    "href": "/watch?v=-Gf2zlXuvmY",
    "full_url": "https://www.youtube.com/watch?v=-Gf2zlXuvmY",
    "content_type": "video"
  },
  "basic_info": {
    "date": "144 views",
    "view_count": "144 views",
    "channel": "greenolivetours5614"
  },
  "extracted_metadata": {
    "title": "Webinar: Palestinian Trade Unionism with Mohammed Barakat!",
    "date": "2025-01-12",
    "place": "Location Not Specified",
    "topic": "Violence/Confrontation",
    "description": "On Sunday, January 12th we joined with Green Olive Senior Partner Mohammed Barakat to discuss the role of trade unions in the history of Palestinian popular struggle. The Palestinian trade union movement has always played a central role in the Palestinian struggle for political sovereignty.Trade unions were instrumental in mobilizing general strikes during the First Intifada, shaping Palestinian party politics into the present, and mobilizing workers to fight for dignity despite the conditions of occupation. Mohammed Barakat organized hotel and hospitality workers during the First Intifada as a member of the executive board of the Hotels and Restaurant Workers Trade Union and the executive committee of the Progressive Workers Union. He spoke with us from experience about the development of Palestinian labor politics the larger context of Palestinian organized labor into the present. This recording of the webinar is free and open to the public, but you can become a member of the Green Olive Collective at the following link to sustain our work to challenge the violence of occupation and advocate for a democratic future: https://members.greenolivecollective....",
    "channel": "greenolivetours5614"
  },
  "metadata": {
    "source_url": "https://www.youtube.com",
    "scraped_at": "2025-11-05T22:12:11.627295",
    "extraction_method": "Playlist Video Page"
  }
}