{
  "video_identification": {
    "video_id": "oFfOuy0jug4",
    "title": "Green Olive Solidarity Network Meeting with Awdah Hathaleen from Umm Il-Kheir",
    "href": "/watch?v=oFfOuy0jug4",
    "full_url": "https://www.youtube.com/watch?v=oFfOuy0jug4",
    "content_type": "video"
  },
  "basic_info": {
    "date": "1.2K views",
    "view_count": "1.2K views",
    "channel": "greenolivetours5614"
  },
  "extracted_metadata": {
    "title": "Green Olive Solidarity Network Meeting with Awdah Hathaleen from Umm Il-Kheir",
    "date": "2025-07-30",
    "place": "West Bank",
    "topic": "Settlement Expansion",
    "description": "On Sunday, July 27th of 2025 we joined for our monthly meeting of the Green Olive Solidarity Network with Awdah Hathaleen from Umm Il-Kheir. We didn't know then that he would be shot the next day while defending his beloved community. Listen here to the last message of solidarity, steadfastness, and coresistance Awdah shared with us on the last day of his life. He ended with the words: \"Thanks so much and inshallah our ways will cross again.\" ________________________________________________________ We stand with the communities of Masafer Yatta defending themselves in the face of escalating state violence, settler attacks, and forced expulsion. Join our global advocacy and mutual aid network to build sustained solidarity and connections with communities in Masafer Yatta and throughout the West Bank living under military rule. *Follow on IG for updates and calls to action: @greenolivetours *Learn more: / dhynddas8j_",
    "channel": "greenolivetours5614"
  },
  "metadata": {
    "source_url": "https://www.youtube.com",
    "scraped_at": "2025-11-05T22:12:09.509630",
    "extraction_method": "Playlist Video Page"
  }
}