{
  "video_identification": {
    "video_id": "PZdN2oWJu3M",
    "title": "Green Olive Solidarity Network Meeting with Sami Hureini from Tuwani (4/27/2025)",
    "href": "/watch?v=PZdN2oWJu3M",
    "full_url": "https://www.youtube.com/watch?v=PZdN2oWJu3M",
    "content_type": "video"
  },
  "basic_info": {
    "date": "42 views",
    "view_count": "42 views",
    "channel": "greenolivetours5614"
  },
  "extracted_metadata": {
    "title": "Green Olive Solidarity Network Meeting with Sami Hureini from Tuwani (4/27/2025)",
    "date": "2025-04-28",
    "place": "Tuwani",
    "topic": "Settlement Expansion",
    "description": "On Sunday, April 27th of 2025 we joined for our monthly solidarity network meeting with Sami Hureini from Tuwani in Masafer Yatta. Sami is the joint founder of Youth of Sumud, a grassroots collective of young civil resistors in Masafer Yatta that formed in 2017 in response to ongoing settler and military aggression and violence against farmers, families, and school children in the area. They frequently accompany shepherds from nearby villages as they graze flocks, farmers as they harvest their olives, and children walking to school. Sami was unjustly detained at a protest in 2021 against the shooting of his neighbor Harun Abu Haram, and has been in court proceedings since as he defends his right to freedom of speech, assembly, and political expression. Over the months before he also bore witness to some of the most violent settler attacks in recent memory in Jinba, Khalat at-Daba, Susya, and Tuwani. We were honored to join with him to hear more about recent events and the continued steadfastness of the community in the face of military occupation.",
    "channel": "greenolivetours5614"
  },
  "metadata": {
    "source_url": "https://www.youtube.com",
    "scraped_at": "2025-11-05T22:12:10.561920",
    "extraction_method": "Playlist Video Page"
  }
}