{
  "video_identification": {
    "video_id": "QQUS0_Vwys8",
    "title": "First panel | Live testimonies, Nuri al-Ukbi and Yousif al-Usaybi Palestinian witness",
    "href": "/watch?v=QQUS0_Vwys8",
    "full_url": "https://www.youtube.com/watch?v=QQUS0_Vwys8",
    "content_type": "video"
  },
  "basic_info": {
    "date": "280 views",
    "view_count": "280 views",
    "channel": "Zochrot"
  },
  "extracted_metadata": {
    "title": "First panel | Live testimonies, Nuri al-Ukbi and Yousif al-Usaybi Palestinian witness",
    "date": "2015-02-25",
    "place": "Beersheba",
    "topic": "Refugees/Displacement",
    "description": "Truth Commission on the Responsibility of Israeli Society for the Events of 1948-1960 in the South Public Event on Wednesday, December 10, 2014 in Beersheba / Bir al-Saba’ 10:00-19:00 First panel | Live testimonies Nuri al-Ukbi and Yousif al-Usaybi Palestinian witness – first-generation refugee",
    "channel": "Zochrot"
  },
  "metadata": {
    "source_url": "https://www.youtube.com",
    "scraped_at": "2025-11-05T22:27:09.391781",
    "extraction_method": "Playlist Video Page"
  }
}