{
  "video_identification": {
    "video_id": "-pa9s3XX-Tk",
    "title": "تصوّر العودة لقرية الغابسية المهجرة / Imagining Return to al-Ghabisiyya destroyed village",
    "href": "/watch?v=-pa9s3XX-Tk",
    "full_url": "https://www.youtube.com/watch?v=-pa9s3XX-Tk",
    "content_type": "video"
  },
  "basic_info": {
    "date": "305 views",
    "view_count": "305 views",
    "channel": "Zochrot"
  },
  "extracted_metadata": {
    "title": "تصوّر العودة لقرية الغابسية المهجرة / Imagining Return to al-Ghabisiyya destroyed village",
    "date": "2016-05-18",
    "place": "Location Not Specified",
    "topic": "Refugees/Displacement",
    "description": "תכנון שיבה לכפר אלעַ'אבּסִיָּה / פרויקט עֻדנא (שבנו) במסגרת פרויקט עדנא, קבוצת אלע'אבסיה בהנחיית יוסף אבו בכּר, השלימה את התהליך באיסוף תכניות המתאר של הכפר והפקת סרט הדמיה תלת ממדי, פרי עבודתם של שני האדריכלים אמיר ח'טיב ואוליבר שלבי. הסרט המבוסס על מבנה הכפר ואתריו ההיסטוריים לפני ההרס, משמר את צורת הכפר במטרה לשמר את המורשת ולהדגיש את הגירוש. הבתים ההרוסים מסביב למסגד נבנו מזכוכית, מעין אתרי הנצחה לזכרם של המגורשים, לתוואי המקום ולסיפור של אלע'אבסיה. במקביל הם הוסיפו מגע אדריכלי מודרני שכלל בתים חדשים, מבני תרבות, בתי ספר וגנים ציבוריים המותאמים לזמננו. פרויקט עֻדנא (שבנו) הוא פרויקט פוליטי-חינוכי לקידום חשיבה על משמועותה של השיבה בפועל של הפליטים הפלסטיניים לעריהם\\כפריהם ואדמותיהם. הפרויקט מתקיים בשיתוף בין עמותת זוכרות, עמותת בלדנא, האגודה הערבית לזכויות האדם וועד העקורים הפנימיים. ----------------------------- تصوّر العودة لقرية الغابسية المهجرة / مشروع \"عدنا - تصوّر العودة\" لعام 2015 مشروع \" عدنا \"- مشروع مشترك لكل من \"جمعية الشباب العرب -- بلدنا\"، المؤسسة العربية لحقوق الإنسان\"، \"جمعية الدفاع عن حقوق المهجرين\"، وجمعية \"ذاكرات زوخروت\" وبتمويل \"هيكيس ايبير\"، ويهدف إلى تصور العودة إلى القرى المهجرة من خلال ورشات عمل مع مجموعات شبابية من مهجري الداخل. في المشروع لهذا العام (2015) عملت تسع مجموعات شبابية من تسع قرى مهجرة وتعمل على إنجاز تصوّر لعودتهم الفعلية إلى قراهم. هذه القرى هي: اللجون, ميعار, الغابسية, صفورية، اقرث، مجدل- عسقلان، معلول، المجيدل والبروة. ضمن المشروع، قامت مجموعة قرية الغابسية باشراف يوسف ابو بكر، باختتام عملها النهائي، بحيث قامت المجموعة بجمع الخوارط الهيكلية للقرية وبتصميم فيلم تصويري ثلاثي الابعاد قام بالعمل عليه المهندسان المعماريان امير خطيب واوليفر شلبي يستند على معالم القرية التاريخية، بحيث تم الحفاظ على هيكلية القرية ومبناها من باب الحفاظ على الموروث وعلى ذكرى تهجير القرية لذا تمت احاطة البيوت المهدومة على محيط المسجد بمبنى من زجاج لتخليد ذكرى من هُجروا من بيوتهم وعدم محو تفاصيل ماضي الغابسية وروايتها، وبالمقابل قاموا باضافة لمسة عصرية تشمل مباني ثقافية وبيوت جديدة ، مدارس ومنتزهات لمواكبة العصر الحالي. -------------------------- Imagining Return to al-Ghabisiyya destroyed village \"Our Return\" project \"Our Return\" is A joint project from the Arab Association for Human Rights, the Association for the Defence of the Rights of the Internally Displaced, Baladna -- Association for Arab Youth, and Zochrot. As part of \"Our Return\" project, a group of youth created a short vedio Imagining al-Ghabisiyya destroyed village after the Return of its refugees. This project was under the supervision of Yousef Abu Bakr. The group collected Historical maps, Informations about the village and created a three-dimensional film by the help of the two architects Amir Khatib and Oliver Shalabi.",
    "channel": "Zochrot"
  },
  "metadata": {
    "source_url": "https://www.youtube.com",
    "scraped_at": "2025-11-05T22:26:49.824044",
    "extraction_method": "Playlist Video Page"
  }
}