{
  "video_identification": {
    "video_id": "R4OxVkQjuxU",
    "title": "Panel \\ Ongoing Palestinian Refugeehood and the Demand to Return \\ Original languages",
    "href": "/watch?v=R4OxVkQjuxU",
    "full_url": "https://www.youtube.com/watch?v=R4OxVkQjuxU",
    "content_type": "video"
  },
  "basic_info": {
    "date": "113 views",
    "view_count": "113 views",
    "channel": "Zochrot"
  },
  "extracted_metadata": {
    "title": "Panel \\ Ongoing Palestinian Refugeehood and the Demand to Return \\ Original languages",
    "date": "2016-04-27",
    "place": "Bethlehem",
    "topic": "Refugees/Displacement",
    "description": "How to say 'Awda in Hebrew? The 3rd International Conference on the Return of Palestinian Refugees From: 21-22/03/2016 *Panel: Ongoing Palestinian Refugeehood and the Demand to Return* Chair: Lubna al-Shomali - Badil, Resource Center for Palestinian Residency & Refugee Rights, Bethlehem Double Displacement and Partial Protection: The Paradox of Palestinians as Constant Refugees, as in the Cases of Syria and Iraq / Nadya R. Tannous – MSc in Refugee and Forced Migration Studies, University of Oxford, England The Struggle for Return of Internally Displaced Palestinians in Israel / The Association for the Defence of the Rights of Internally displaced persons To watch the panel in Arabic: • مؤتمر العودة / زوخروت / جلسة: \"اللجوء الفل... To watch the panel in Hebrew: • כנס השיבה / פאנל: פליטות פלסטינית מתמשכת ו... To watch the panel in English: • Panel \\ Ongoing Palestinian Refugeehood an... To watch the panel in the original languages: • Panel \\ Ongoing Palestinian Refugeehood an... *** about the conference: http://www.zochrot.org/en/event/56261 Like us on Facebook: / zochrot",
    "channel": "Zochrot"
  },
  "metadata": {
    "source_url": "https://www.youtube.com",
    "scraped_at": "2025-11-05T22:26:51.739277",
    "extraction_method": "Playlist Video Page"
  }
}