{
  "video_identification": {
    "video_id": "cmeySDVfvFo",
    "title": "Grass Roots Co-resistance for Palestine - Erez Bleicher",
    "full_url": "https://www.youtube.com/shorts/cmeySDVfvFo",
    "content_type": "shorts"
  },
  "basic_info": {
    "duration": "Short Form",
    "channel": "greenolivetours5614",
    "channel_url": "https://www.youtube.com/@greenolivetours5614/shorts"
  },
  "extracted_metadata": {
    "date": "2025-07-20",
    "place": "Palestine",
    "topic": "Protest/Demonstration",
    "description": "Erez discusses effective methods of co-resistance, of supporting Palestinian rights against brutal state violence.",
    "channel": "greenolivetours5614"
  },
  "metadata": {
    "scraped_at": "2025-11-05T22:11:49.899194"
  }
}