{
  "video_identification": {
    "video_id": "-LGdKeZv2DU",
    "title": "Hunger Strike for Gaza",
    "full_url": "https://www.youtube.com/shorts/-LGdKeZv2DU",
    "content_type": "shorts"
  },
  "basic_info": {
    "duration": "Short Form",
    "channel": "rabbisforhumanrights4516",
    "channel_url": "https://www.youtube.com/@rabbisforhumanrights4516/shorts"
  },
  "extracted_metadata": {
    "date": "2025-07-27",
    "place": "Gaza",
    "topic": "Protest/Demonstration",
    "description": "Join us in a three-day hunger strike to protest the deliberate starvation policy in Gaza. Tens of thousands are at risk, especially children, as aid remains blocked and limited. This is not a political issue or a security matter - it is a moral disgrace. This initiative, led by Combatants for Peace and the Supreme Coordinating Committee of the 48 Palestinians, is taking place in Beit Jala and Jaffa, with online and remote participation from around the world. Some of our Rabbis will be participating in the hunger strike, standing in solidarity and calling for immediate entry of unrestricted aid to Gaza. We echo the moral cry of our tradition: “Hungry and thirsty, their souls fainted within them” (Psalms 107). Food is a basic right. Preventing hunger is our Jewish and human duty. Join in Beit Jala, in Jaffa, or from wherever you are. Register here: https://forms.gle/C8qPG15S5GytgkQD6",
    "channel": "rabbisforhumanrights4516"
  },
  "metadata": {
    "scraped_at": "2025-11-05T22:10:32.702265"
  }
}