{
  "video_identification": {
    "video_id": "8Ka5wN10LAQ",
    "title": "FLY OVER PALESTINE [Tour-1]: Dimra - Jura",
    "href": "/watch?v=8Ka5wN10LAQ",
    "full_url": "https://www.youtube.com/watch?v=8Ka5wN10LAQ",
    "content_type": "video"
  },
  "basic_info": {
    "date": "2.1K views",
    "view_count": "2.1K views",
    "channel": "PalestineLandSociety"
  },
  "extracted_metadata": {
    "title": "FLY OVER PALESTINE [Tour-1]: Dimra - Jura",
    "date": "2012-05-07",
    "place": "Palestine",
    "topic": "General Documentation",
    "description": "From: Dimra Passing by: Dayr Suneid, Bayt Jirja, Barbara, Al Jiyya, Ni'ilya, Kh.Kisas To: Al Jura Duration: 1 min 7 sec",
    "channel": "PalestineLandSociety"
  },
  "metadata": {
    "source_url": "https://www.youtube.com",
    "scraped_at": "2025-11-05T22:41:04.529283",
    "extraction_method": "Playlist Video Page"
  }
}