{
  "video_identification": {
    "video_id": "t3YxzqVj3Os",
    "title": "Stop the JNF Campaign by The Scottish PSC webinar",
    "href": "/watch?v=t3YxzqVj3Os",
    "full_url": "https://www.youtube.com/watch?v=t3YxzqVj3Os",
    "content_type": "video"
  },
  "basic_info": {
    "date": "101 views",
    "view_count": "101 views",
    "channel": "PalestineLandSociety"
  },
  "extracted_metadata": {
    "title": "Stop the JNF Campaign by The Scottish PSC webinar",
    "date": "2020-06-11",
    "place": "Location Not Specified",
    "topic": "Refugees/Displacement",
    "description": "Stop the JNF Campaign by The Scottish PSC webinar Saturday June 6, 2020",
    "channel": "PalestineLandSociety"
  },
  "metadata": {
    "source_url": "https://www.youtube.com",
    "scraped_at": "2025-11-05T22:40:49.065918",
    "extraction_method": "Playlist Video Page"
  }
}