{
  "video_identification": {
    "video_id": "11AA1UioWRk",
    "title": "From Al-Nakba to Now: The Untold Story of Gaza",
    "href": "/watch?v=11AA1UioWRk",
    "full_url": "https://www.youtube.com/watch?v=11AA1UioWRk",
    "content_type": "video"
  },
  "basic_info": {
    "date": "148 views",
    "view_count": "148 views",
    "channel": "PalestineLandSociety"
  },
  "extracted_metadata": {
    "title": "From Al-Nakba to Now: The Untold Story of Gaza",
    "date": "2023-11-15",
    "place": "Palestine",
    "topic": "Violence/Confrontation",
    "description": "A Chronicle of Tragedy and Resilience 🔍 Explore the untold history of Gaza. From the Nakba's tragic echoes to the present, this video by the Palestine Land Society unveils the untold stories of a people determined to rise above despair. This video delves into the struggles faced by the Palestinian people, marked by displacement, massacres, and an enduring quest for justice. 👁‍🗨 Witness the human cost of conflict, from the Nakba to recent events, as we unravel the layers of Gaza's resilience against all odds. Join us in raising awareness, standing in solidarity, and advocating for a world that prioritizes compassion and justice. 🔗 Share, comment, and let your voice be heard. Together, we can shed light on the ongoing crisis and inspire meaningful change. #gazaunderattack #justiceForgaza #palestine #gaza #StandWithGaza 🕊️",
    "channel": "PalestineLandSociety"
  },
  "metadata": {
    "source_url": "https://www.youtube.com",
    "scraped_at": "2025-11-05T22:40:37.297839",
    "extraction_method": "Playlist Video Page"
  }
}