{
  "video_identification": {
    "video_id": "Falz3xVrnag",
    "title": "Olive Harvest 2020 | Support & Join us!",
    "href": "/watch?v=Falz3xVrnag&pp=0gcJCQMKAYcqIYzv",
    "full_url": "https://www.youtube.com/watch?v=Falz3xVrnag&pp=0gcJCQMKAYcqIYzv",
    "content_type": "video"
  },
  "basic_info": {
    "date": "127 views",
    "view_count": "127 views",
    "channel": "rabbisforhumanrights4516"
  },
  "extracted_metadata": {
    "title": "Olive Harvest 2020 | Support & Join us!",
    "date": "2020-09-16",
    "place": "West Bank",
    "topic": "Settlement Expansion",
    "description": "One of the major focuses of Rabbis for Human Rights work in the Occupied Territories is ensuring Palestinian farmers are given full, safe access to their lands. This is especially relevant for farmers with land near settlements, unauthorised outposts, or near the Separation Barrier. We offer our assistance throughout the calendar, but the most concentrated time of year for this work comes in fall during the olive harvest. During this time, we bring hundreds of volunteers to work side-by-side with Palestinian farmers. Our presence provides protection against possible settler intimidation, enables farmers to pick within the limited number of days that they can safely do so, and has also become an act of solidarity between Israeli Jews and Palestinians. In the fall of 2019, RHR brought out over 600 volunteers —both international and local — for more than thirty days of work in olive groves in the northern West Bank.",
    "channel": "rabbisforhumanrights4516"
  },
  "metadata": {
    "source_url": "https://www.youtube.com",
    "scraped_at": "2025-11-05T22:22:26.816037",
    "extraction_method": "Playlist Video Page"
  }
}