{
  "video_identification": {
    "video_id": "NCGBMJqsug0",
    "title": "Shama (There) / שָׁמָה / شامْا - excerpt",
    "href": "/watch?v=NCGBMJqsug0",
    "full_url": "https://www.youtube.com/watch?v=NCGBMJqsug0",
    "content_type": "video"
  },
  "basic_info": {
    "date": "230 views",
    "view_count": "230 views",
    "channel": "Zochrot"
  },
  "extracted_metadata": {
    "title": "Shama (There) / שָׁמָה / شامْا - excerpt",
    "date": "2018-06-13",
    "place": "During",
    "topic": "Refugees/Displacement",
    "description": "Shama (There) Directed by Thalia Hoffman | 2016 | 20 min During 24 hours people and cargo pile upon a refugee truck which is stuck in the Judean Hills. Lingering between past and future, the ongoing moment of lacking knowledge turns itself into a state of life. \"Shama\" is the second of a film series made as part of the 'Guava' platform. “Guava” is a platform for art actions that challenges the possibility of free movement and the removal of borders in the Middle East. It practices political imagination, involving the area of the Middle East and it’s residents, through film, video, performance and participatory art. שָׁמָה شامْ(ا) 'בימוי: טליה הופמן | 2016| 20 דק על שביל פליטים בשפלת יהודה עומדת משאית פליטים. במשך 24 שעות הולכים, מצטרפים ונערמים על גבי משאית פליטים עוד ועוד אנשים וחפצים - נשים וגברים בגילאים שונים, דוברים ערבית ועברית. תקועים בין עבר לעתיד, לא ברור מאין הם באים ולאן הם רוצים להגיע. ובינתיים, ההשתהות וההיערמות ברגע מתמשך של אי ידיעה הופכת בעצמה למצב חיים. שָׁמָה شامْ(ا) הוא הסרט השני בסדרת סרטים שנעשים במסגרת ׳גויאבה׳ ׳גויאבה׳ היא פלטפורמה לפעולות אמנות שבוחנות את האפשרות לפתוח את המזרח התיכון לתנועה, והמתרגלת דמיון פוליטי דרך סרטים, וידיאו, פרפורמנס ואמנות השתתפותית.",
    "channel": "Zochrot"
  },
  "metadata": {
    "source_url": "https://www.youtube.com",
    "scraped_at": "2025-11-05T22:26:29.552237",
    "extraction_method": "Playlist Video Page"
  }
}