{
  "video_identification": {
    "video_id": "t3sYnLzkjiA",
    "title": "Forging a Shared Homeland: Confronting Annexation and Settler Violence",
    "href": "/watch?v=t3sYnLzkjiA&pp=0gcJCQMKAYcqIYzv",
    "full_url": "https://www.youtube.com/watch?v=t3sYnLzkjiA&pp=0gcJCQMKAYcqIYzv",
    "content_type": "video"
  },
  "basic_info": {
    "date": "377 views",
    "view_count": "377 views",
    "channel": "combatantsforpeace5017"
  },
  "extracted_metadata": {
    "title": "Forging a Shared Homeland: Confronting Annexation and Settler Violence",
    "date": "Date Not Available",
    "place": "Location Not Specified",
    "topic": "Settlement Expansion",
    "description": "Settlement Expansion - Location Not Specified",
    "channel": "combatantsforpeace5017"
  },
  "metadata": {
    "source_url": "https://www.youtube.com",
    "scraped_at": "2025-11-05T22:51:39.684697",
    "extraction_method": "Playlist Video Page"
  }
}