{
  "video_identification": {
    "video_id": "CiEjrcJyGqE",
    "title": "iNakba app - زيارة قرية هوج المهجرة / ביקור בכפר הוג׳ ההרוס/ Visiting the destroyed village Huj",
    "href": "/watch?v=CiEjrcJyGqE",
    "full_url": "https://www.youtube.com/watch?v=CiEjrcJyGqE",
    "content_type": "video"
  },
  "basic_info": {
    "date": "2.3K views",
    "view_count": "2.3K views",
    "channel": "Zochrot"
  },
  "extracted_metadata": {
    "title": "iNakba app - زيارة قرية هوج المهجرة / ביקור בכפר הוג׳ ההרוס/ Visiting the destroyed village Huj",
    "date": "2014-09-21",
    "place": "Gaza Strip",
    "topic": "Using the",
    "description": "Using the iNakba app, we managed to arrive at the destroyed village of Huj in the Gaza district. בעזרת אפליקציית ה iNakba הצלחנו להגיע לכפר הוג׳ ההרוס בנפת עזה English Translation: Ami Asher 17/8/2014 www.zochrot.org",
    "channel": "Zochrot"
  },
  "metadata": {
    "source_url": "https://www.youtube.com",
    "scraped_at": "2025-11-05T22:27:15.885537",
    "extraction_method": "Playlist Video Page"
  }
}