{
  "video_identification": {
    "video_id": "33mp4mnV-Zg",
    "title": "Lecture: The just solution of the displacement problem according to international law",
    "href": "/watch?v=33mp4mnV-Zg&pp=0gcJCQMKAYcqIYzv",
    "full_url": "https://www.youtube.com/watch?v=33mp4mnV-Zg&pp=0gcJCQMKAYcqIYzv",
    "content_type": "video"
  },
  "basic_info": {
    "date": "372 views",
    "view_count": "372 views",
    "channel": "Zochrot"
  },
  "extracted_metadata": {
    "title": "Lecture: The just solution of the displacement problem according to international law",
    "date": "2015-01-01",
    "place": "Israel",
    "topic": "Refugees/Displacement",
    "description": "הפתרון הצודק לבעיית העקורים בהתאם לחוק הבינלאומי הרצאה זו תתמקד בסעדים המשפטיים השונים העומדים לרשותם של אלה שנעקרו בכוח מבתיהם. סעדים אלה כוללים אמת, פיצויים (שיבה, השבת המצב הקודם על כנו ושילומים), קבלת אחריות לעקירה מצד האחראים לה, ולבסוף וחשוב מכל, רפורמה מוסדית שתמנע את הישנות העקירה בעתיד. מרצה: ד\"ר מוניר נוסייבה מתוך: פליטים ועקורים בישראל/פלסטין: מדיניות עקבית של עקירה / קורס של עמותת זוכרות על פליטים ועקורים פנימיים פלסטיניים 03/12/2014 | תל אביב | אנגלית ד\"ר מוניר נוסייבה הוא משפטן וחוקר זכויות אדם באוניברסיטת אל-קודס. נוסייבה מכהן כפרופסור משנה בפקולטה למשפטים של האוניברסיטה וכן עומד בראש קליניקת אל-קודס לזכויות אדם – תוכנית החינוך המשפטי הקליני הראשונה שזכתה להכרה אקדמית בעולם הערבי, שהיה אחד ממייסדיה. محاضرة: الحلّ العادل لمشكلة النزوح طبقًا للقانون الدوليّ سيركّز هذا اللقاء على الحلول المختلفة المطروحة لأولئك الذين تمّ تهجيرهم من منازلهم قسرًا. وتشمل هذه الحلول \"الحقيقة\"، التعويضات (العودة، إعادة التوطين، والتعويض)، مساءلة من كانوا مسؤولين عن النزوح، وأخيرًا –والأهمّ–الإصلاح المؤسّساتيّ الذي من شأنه أن يمنع حدوث الاقتلاع –النزوح، مجدّدًا. د. منير نسيبة ضمن: \"اللاجئون والنازحون داخليًّا في إسرائيل/فِلَسطين: السياسة الدؤوبة للاقتلاع\" / دورة \"ذاكرات\" حول اللاجئين الفِلَسطينيين والمقتلَعين | 03/12/2014 تل أبيب | الإنجليزية د. منير نسيبة: محامي حقوق إنسان وأكاديميّ في جامعة القدس، في مدينة القدس بفِلَسطين. هو أستاذ مساعد في كلّية حقوق جامعة القدس، ورئيس عيادة القدس لحقوق الإنسان وعضو مؤسّس فيها؛ حيث تمثّل هذه العيادة برنامج التثقيف القانونيّ الإكلينيكيّ المعتمد الأوّل في العالم العربيّ. Lecture: The just solution of the displacement problem according to international law This lecture will focus on the different remedies provided to those forcibly displaced from their homes. These remedies include Truth, reparations (return, restitution and compensation), accountability for those who were responsible for the displacement and finally but most importantly institutional reform that would prevent a future reoccurrence of displacement. Lecturer: Dr. Munir Nuseibah from: Refugees and IDPs in Israel/ Palestine: The consistent policy of displacementZochrot's course on Palestinian Refugees and IDPs 03/12/2014 | Tel Aviv | English Dr Munir Nuseibah is a human rights lawyer and academic based in Al-Quds University in Jerusalem, Palestine. He is an assistant professor at Al-Quds University's faculty of law; the director (and co-founder) of Al-Quds Human Rights Clinic, the first accredited clinical legal education program in the Arab World.",
    "channel": "Zochrot"
  },
  "metadata": {
    "source_url": "https://www.youtube.com",
    "scraped_at": "2025-11-05T22:27:13.556142",
    "extraction_method": "Playlist Video Page"
  }
}