{
  "video_identification": {
    "video_id": "fPnsuv37d0w",
    "title": "Webinar: Serving In The Gaza Strip with Benzion Sanders",
    "href": "/watch?v=fPnsuv37d0w",
    "full_url": "https://www.youtube.com/watch?v=fPnsuv37d0w",
    "content_type": "video"
  },
  "basic_info": {
    "date": "466 views",
    "view_count": "466 views",
    "channel": "greenolivetours5614"
  },
  "extracted_metadata": {
    "title": "Webinar: Serving In The Gaza Strip with Benzion Sanders",
    "date": "2024-02-05",
    "place": "Gaza Strip",
    "topic": "Violence/Confrontation",
    "description": "On Sunday, February 4th of 2024 the Green Olive Collective joined with Benzion Sanders of Extend Programs to discuss how his experience serving in the Israeli military in 2014 in the Gaza Strip motivated him to become an activist against the occupation. Benzion is a veteran of the IDF whose time in the army convinced him that the violence of military rule must end. He spoke about how his experience in Operation Protective Edge helped him realize that Israeli policies of siege, closure, bombardment, and ground invasion do not bring anyone closer to a future of dignity and security. He is the Jerusalem Director of Extend Programs and the former Jewish Diaspora Education Coordinator of Breaking the Silence, an organization of former soldiers who served in the Israeli military since the start of the Second Intifada and take it upon themselves to expose the public to the reality of life under occupation. This recording of the webinar is free and open to the public, but you can become a member of the Green Olive Collective at the following link to sustain our work to challenge the violence of occupation and advocate for a democratic future: https://members.greenolivecollective....",
    "channel": "greenolivetours5614"
  },
  "metadata": {
    "source_url": "https://www.youtube.com",
    "scraped_at": "2025-11-05T22:12:13.514959",
    "extraction_method": "Playlist Video Page"
  }
}