{
  "video_identification": {
    "video_id": "z4OcUSVU5O4",
    "title": "10/5/2011 مسيرة العودة لقرية الرويس والدامون / March of Return to al-Ruways and al-Damoun",
    "href": "/watch?v=z4OcUSVU5O4",
    "full_url": "https://www.youtube.com/watch?v=z4OcUSVU5O4",
    "content_type": "video"
  },
  "basic_info": {
    "date": "211 views",
    "view_count": "211 views",
    "channel": "Zochrot"
  },
  "extracted_metadata": {
    "title": "10/5/2011 مسيرة العودة لقرية الرويس والدامون / March of Return to al-Ruways and al-Damoun",
    "date": "2014-08-02",
    "place": "Location Not Specified",
    "topic": "Protest/Demonstration",
    "description": "10/5/2011 مسيرة العودة الرابعة عشر لقرية الرويس والدامون March of Return to the destroyed villages: al-Ruways and Damoun لجنة الدفاع عن حقوق المهجرين",
    "channel": "Zochrot"
  },
  "metadata": {
    "source_url": "https://www.youtube.com",
    "scraped_at": "2025-11-05T22:27:17.328211",
    "extraction_method": "Playlist Video Page"
  }
}