{
  "video_identification": {
    "video_id": "_d-VRDDtG6A",
    "title": "Temoignages des Survivants du Massacre - i24 Francais",
    "href": "/watch?v=_d-VRDDtG6A",
    "full_url": "https://www.youtube.com/watch?v=_d-VRDDtG6A",
    "content_type": "video"
  },
  "basic_info": {
    "date": "1.4K views",
    "view_count": "1.4K views",
    "channel": "rabbisforhumanrights4516"
  },
  "extracted_metadata": {
    "title": "Temoignages des Survivants du Massacre - i24 Francais",
    "date": "2023-10-29",
    "place": "Location Not Specified",
    "topic": "Human Rights",
    "description": "Transcript Follow along using the transcript. Show transcript רבנים לזכויות אדם | Rabbis for Human Rights 147 subscribers",
    "channel": "rabbisforhumanrights4516"
  },
  "metadata": {
    "source_url": "https://www.youtube.com",
    "scraped_at": "2025-11-05T22:22:21.340366",
    "extraction_method": "Playlist Video Page"
  }
}