{
  "video_identification": {
    "video_id": "5-GjokOxOs8",
    "title": "First Zochrot podcast episode with Dr Dotan Halevi #podcast #gaza #rightofreturn",
    "full_url": "https://www.youtube.com/shorts/5-GjokOxOs8",
    "content_type": "shorts"
  },
  "basic_info": {
    "duration": "Short Form",
    "channel": "Zochrot",
    "channel_url": "https://www.youtube.com/@Zochrot/shorts"
  },
  "extracted_metadata": {
    "date": "2025-06-17",
    "place": "Gaza Strip",
    "topic": "Refugees/Displacement",
    "description": "Gaza as we know it didn’t exist before 1948. It became what it is because so many Palestinians were forced to flee there. Refugees ended up outnumbering the original residents nearly three to one. What used to be the Gaza district was forcibly reduced to the Gaza Strip. https://open.spotify.com/show/2y1zFq1XGDBdGNbZ6DZ9DN?si=ee1b03eb596b4094",
    "channel": "Zochrot"
  },
  "metadata": {
    "scraped_at": "2025-11-05T22:11:16.518738"
  }
}