{
  "video_identification": {
    "video_id": "d6RLQSdnALk",
    "title": "משלימות את המפה / Completing the map",
    "href": "/watch?v=d6RLQSdnALk",
    "full_url": "https://www.youtube.com/watch?v=d6RLQSdnALk",
    "content_type": "video"
  },
  "basic_info": {
    "date": "248 views",
    "view_count": "248 views",
    "channel": "Zochrot"
  },
  "extracted_metadata": {
    "title": "משלימות את המפה / Completing the map",
    "date": "2014-07-18",
    "place": "Location Not Specified",
    "topic": "Activism/Advocacy",
    "description": "פעילות קק\"ל החדשה הוסיפו למפת הארץ בחצר בניין קק\"ל במרכז תל אביב כמה שמות פארקים של קק\"ל ושל ישובים פלסטיניים הרוסים מתחתם. למידע נוסף על קק\"ל החדשה של זוכרות ראו כאן: http://www.zochrot.org/exhibition/%D7... New KKL (JNF) activists added names of KKL forests and the destroyed Palestinian Villages covered by them to the map at JNF building in center Tel Aviv. For more info about Zochrot's New KKL see here: http://www.zochrot.org/en/exhibition/...",
    "channel": "Zochrot"
  },
  "metadata": {
    "source_url": "https://www.youtube.com",
    "scraped_at": "2025-11-05T22:27:17.530156",
    "extraction_method": "Playlist Video Page"
  }
}