{
  "video_identification": {
    "video_id": "-iIqVbSaCTQ",
    "title": "ערב עיון להשקת הספר החדש: From Shared Life to Co-Resistance in Historic Palestine",
    "href": "/watch?v=-iIqVbSaCTQ",
    "full_url": "https://www.youtube.com/watch?v=-iIqVbSaCTQ",
    "content_type": "video"
  },
  "basic_info": {
    "date": "340 views",
    "view_count": "340 views",
    "channel": "Zochrot"
  },
  "extracted_metadata": {
    "title": "ערב עיון להשקת הספר החדש: From Shared Life to Co-Resistance in Historic Palestine",
    "date": "2018-07-05",
    "place": "Israel",
    "topic": "Settlement Expansion",
    "description": "ערב עיון להשקת ספרם החדש של מרסלו סבירסקי ורונן בן-אריה: From Shared Life to Co-Resistance in Historic Palestine (מחיים משותפים להתנגדות אנטי-קולוניאלית בפלסטין ההיסטורית) [Rowman&Littlefield International Publishing, London] דוברים: הונידה ע׳אנם, תום פסח מגיבים: מרסלו סבירסקי, רונן בן-אריה הנחיית הערב: דבי פרבר, עמותת זוכרות על הספר: כיצד ניתן לפעול לקראת דה-קולוניזציה של פלסטין? כיצד ניתן לפרק את מנגנוני ההתנחלות של ימינו אנו? ספרם החדש של מרסלו סבירסקי ורונן בן-אריה ״From Shared Life to Co-Resistance in Historic Palestine\" (מחיים משותפים להתנגדות אנטי-קולוניאלית בפלסטין ההיסטורית) בוחן את ההשתלטות הציונית על פלסטין כמקרה של קולוניאליזם התיישבותי, וטוען כי בבואנו לחקור את מחיקת החיים הילידיים בפלסטין, אסור לנו להתעלם מאבדן החיים המשותפים של פלסטינים ויהודים עד 1948. מוסלמים, נוצרים ויהודים אשר חיו אלה לצד אלה בפלסטין העותמאנית ובצורה שונה גם בתקופת המנדט הבריטי. הנסיון למחוק את חיי הילידים הוביל להשמדת החברה הפלסטינית – על ההגמוניה התרבותית שלה ועליונותה הדמוגרפית – אך גם לדחייה מטעמי גזע של החיבור הפלסטיני-יהודי, של החיים בחברה משותפת. התהליך ההתנחלותי של נישול הפלסטינים לווה אפוא בהרס התשתית החברתית-תרבותית שהפכה את החיים המשותפים של יהודים ופלסטינים למציאות היסטורית מושכחת. שני המהלכים עיצבו את הישות הפוליטית הישראלית. האם תוכל הבנה זו לתרום להתנגדות הפלסטינית בימינו ולפוליטיקה של דה-קולוניזציה? המחברים מתמודדים עם שאלה זו בספרם על ידי בחינת האופן שבו מחיקת החיים המשותפים עשויה להוות תשתית מושגית להתנגדות פלסטינית-יהודית משותפת כדרך לקרוא תיגר על המשטר הציוני בישראל. מעל ומעבר להתנגדות למצב עניינים בלתי נסבל, הספר מתמודד עם העבר וההווה כדי לדון בעתידים אפשריים. על המחברים: ד״ר מרסלו סבירסקי הוא מרצה בכיר בבית הספר למדעי הרוח ולמחקר חברתי באוניברסיטת וולונגונג, אוסטרליה. הוא בוחן שאלות של טרנספורמציה וסובייקטיביות חברתית, דה-קולוניזציה, חברות של קולוניאליזם התיישבותי ואקטיביזם פוליטי. הוא מתמקד בישראל/פלסטין ובוחן את הנושאים הללו לאורה של הפילוסופיה האירופית הקונטיננטלית. הוא פרסם מספר מאמרים בכתבי עת רבים וחיבר וערך שורה של ספרים ואסופות מאמרים. ד״ר רונן בן-אריה הוא עמית מחקר במרכז מינרבה למדעי הרוח באוניברסיטת ת\"א, פוסט-דוקטורנט במחלקה לגיאוגרפיה באוניברסיטת ת\"א, ומלמד בפקולטה לארכיטקטורה בטכניון. פעיל בארגונים שונים, בעיקר בתחומים של זכויות אדם ותכנון. Symposium launching Ronnen Ben-Arie and Marcel Svirsky new book: From Shared Life to Co-Resistance in Historic Palestine” (Rowman&Littlefield International Publishing, London) Speakers: Honaida Ghanim, Tom Pessah Respondents: Ronnen Ben-Arie and Marcel Svirkski Facilitation: Debby Farber, Zochrot Wednesday, 27th of December, 2017 About the book: How do we contribute to the decolonisation of Palestine? In what ways can we divest from settler arrangements in the present-day? Exploring the Zionist takeover of Palestine as a settler colonial case, this book argues that in studying the elimination of native life in Palestine, the loss of Arab-Jewish shared life cannot be ignored. Muslims, Christians, and Jews, shared a life in Ottoman Palestine and in a different way during British rule. The attempt to eliminate native life involved the destruction of Arab society – its cultural hegemony and demographic superiority – but also the racial rejection of Arab-Jewish sociabilities, of shared life. Thus the settlerist process of dispossession of the Arabs was complemented with the destruction of the social and cultural infrastructure that made Arab-Jewish life a historical reality. Both operations formed Israeli polity. Can this understanding contribute to present-day Palestinian resistance and a politics of decolonisation? In this book, the authors address this question by exploring how the study of elimination of shared life can inform Arab-Jewish co-resistance as a way of defying Israel’s Zionist regime. Above and beyond opposing an unacceptable state of affairs, this book engages with past and present to discuss possible futures.",
    "channel": "Zochrot"
  },
  "metadata": {
    "source_url": "https://www.youtube.com",
    "scraped_at": "2025-11-05T22:26:28.500233",
    "extraction_method": "Playlist Video Page"
  }
}