{
  "video_identification": {
    "video_id": "4nDKun5jHJc",
    "title": "Memorial Video",
    "href": "/watch?v=4nDKun5jHJc&pp=0gcJCQMKAYcqIYzv",
    "full_url": "https://www.youtube.com/watch?v=4nDKun5jHJc&pp=0gcJCQMKAYcqIYzv",
    "content_type": "video"
  },
  "basic_info": {
    "date": "694 views",
    "view_count": "694 views",
    "channel": "combatantsforpeace5017"
  },
  "extracted_metadata": {
    "title": "Memorial Video",
    "date": "Date Not Available",
    "place": "Location Not Specified",
    "topic": "Memorial",
    "description": "Memorial - Location Not Specified",
    "channel": "combatantsforpeace5017"
  },
  "metadata": {
    "source_url": "https://www.youtube.com",
    "scraped_at": "2025-11-05T22:51:56.991795",
    "extraction_method": "Playlist Video Page"
  }
}