{
  "video_identification": {
    "video_id": "4xNsjieCqCI",
    "title": "הגן הלאומי - סרטו של אמיר יציב | The National Park - by Amir Yatziv",
    "href": "/watch?v=4xNsjieCqCI",
    "full_url": "https://www.youtube.com/watch?v=4xNsjieCqCI",
    "content_type": "video"
  },
  "basic_info": {
    "date": "690 views",
    "view_count": "690 views",
    "channel": "Zochrot"
  },
  "extracted_metadata": {
    "title": "הגן הלאומי - סרטו של אמיר יציב | The National Park - by Amir Yatziv",
    "date": "2017-02-07",
    "place": "Israel",
    "topic": "Arrest/Detention",
    "description": "הגן הלאומי בימוי: אמיר יציב ישראל/פלסטין ,2014 שפה: אנגלית עם תרגום לעברית אנימציה ממוחשבת שמבוססת על עשרות מבנים של כפרים פלסטיניים מרוקנים, שנסרקו בטכנולוגית סריקת לייזר וחוברו יחדיו לכפר וירטואלי אחד. דמות נשית מתארת את הנוף, תאור הלקוח מתוך עלוני המידע של קק״ל, תוך שהיא משוטטת בכפר הזה סרט קצר שהופק במיוחד לפסטיבל הסרטים הניבלאומי השני לסרטי נכבה ושיבה של עמותת זוכרות (2014) الحديقة الوطنية إخراج: أمير يتسيـﭪ 2014 اللغة: الانجليزية مع ترجمة للعبرية تحريك صور محوسب مبنيّ على أساس عشرات مباني القرى الفِلَسطينية المُفرَغة، التي تمّ مسحها بتقنيّة مسح بالليزر ووصلها معًا لتصبح قرية صورية واحدة. شخصية نسائية تصف المنظر، وصفًا مأخوذًا من أوراق المعلومات الخاصّة بالصندوق القوميّ لإسرائيل (\"كاكال\")، بينما هي تتجوّل في هذه القرية. الفيلم أنتج خصيصا للمهرجان الدوليّ الثاني لأفلام النكبة والعوده الذي تنظمه جمعية ذاكرات في سينماتك تل ابيب ومسرح السرايا في يافا. The National Park Dir.: Amir Yatziv Palestine/Israel, 2014 English with Hebrew subtitles Computer animation based on dozens of structures in uprooted Palestinian villages, laser scanned and sequenced to form a single virtual village. A female character describes the view - a description borrowed from brochures of so-called National Parks built over the ruins of these villages. Short Film Produced Especially for Zochrot 2nd International Film Festival on Nakba and Return, that was held in at the Tel Aviv Cinematheque, al-Saraya Theater in Jaffa, 28-30\\11\\2014",
    "channel": "Zochrot"
  },
  "metadata": {
    "source_url": "https://www.youtube.com",
    "scraped_at": "2025-11-05T22:26:41.889208",
    "extraction_method": "Playlist Video Page"
  }
}