{
  "video_identification": {
    "video_id": "kklHr2E5LeE",
    "title": "The American Complicity Series: The Midterm Elections",
    "href": "/watch?v=kklHr2E5LeE",
    "full_url": "https://www.youtube.com/watch?v=kklHr2E5LeE",
    "content_type": "video"
  },
  "basic_info": {
    "date": "135 views",
    "view_count": "135 views",
    "channel": "combatantsforpeace5017"
  },
  "extracted_metadata": {
    "title": "The American Complicity Series: The Midterm Elections",
    "date": "Date Not Available",
    "place": "Location Not Specified",
    "topic": "General Documentation",
    "description": "General Documentation - Location Not Specified",
    "channel": "combatantsforpeace5017"
  },
  "metadata": {
    "source_url": "https://www.youtube.com",
    "scraped_at": "2025-11-05T22:51:43.777386",
    "extraction_method": "Playlist Video Page"
  }
}