{
  "video_identification": {
    "video_id": "Qny2it_zQMA",
    "title": "Collective Liberation: Feminist Solidarity",
    "href": "/watch?v=Qny2it_zQMA",
    "full_url": "https://www.youtube.com/watch?v=Qny2it_zQMA",
    "content_type": "video"
  },
  "basic_info": {
    "date": "186 views",
    "view_count": "186 views",
    "channel": "combatantsforpeace5017"
  },
  "extracted_metadata": {
    "title": "Collective Liberation: Feminist Solidarity",
    "date": "Date Not Available",
    "place": "Location Not Specified",
    "topic": "General Documentation",
    "description": "General Documentation - Location Not Specified",
    "channel": "combatantsforpeace5017"
  },
  "metadata": {
    "source_url": "https://www.youtube.com",
    "scraped_at": "2025-11-05T22:51:41.876271",
    "extraction_method": "Playlist Video Page"
  }
}