{
  "video_identification": {
    "video_id": "HzdRFA6edUM",
    "title": "פליטי יאפא מדברים על שיבה / Yaffa refugees talk about return",
    "href": "/watch?v=HzdRFA6edUM",
    "full_url": "https://www.youtube.com/watch?v=HzdRFA6edUM",
    "content_type": "video"
  },
  "basic_info": {
    "date": "3.4K views",
    "view_count": "3.4K views",
    "channel": "Zochrot"
  },
  "extracted_metadata": {
    "title": "פליטי יאפא מדברים על שיבה / Yaffa refugees talk about return",
    "date": "2011-09-20",
    "place": "Location Not Specified",
    "topic": "Refugees/Displacement",
    "description": "וידיו זה הוכן לתערוכה \"לקראת שיבת הפליטים הפלסטינים\", שתוצג בזוכרות בספטמסר 2011 This documentary was prepared for the exhibition \"towards the returning of the palestinian refugees\" לפרטים על התערוכה For more information pleaze visit our website www.zochrot.org",
    "channel": "Zochrot"
  },
  "metadata": {
    "source_url": "https://www.youtube.com",
    "scraped_at": "2025-11-05T22:27:31.272976",
    "extraction_method": "Playlist Video Page"
  }
}