{
  "video_identification": {
    "video_id": "4Dtlvq6GlVw",
    "title": "Tour10a Arabic Lubiya Haifa",
    "href": "/watch?v=4Dtlvq6GlVw",
    "full_url": "https://www.youtube.com/watch?v=4Dtlvq6GlVw",
    "content_type": "video"
  },
  "basic_info": {
    "date": "42 views",
    "view_count": "42 views",
    "channel": "PalestineLandSociety"
  },
  "extracted_metadata": {
    "title": "Tour10a Arabic Lubiya Haifa",
    "date": "2012-09-22",
    "place": "Location Not Specified",
    "topic": "General Documentation",
    "description": "Tour10a Arabic Lubiya Haifa 1Likes42Views2012Sep 22 … PalestineLandSociety 1.09K subscribers",
    "channel": "PalestineLandSociety"
  },
  "metadata": {
    "source_url": "https://www.youtube.com",
    "scraped_at": "2025-11-05T22:41:00.941246",
    "extraction_method": "Playlist Video Page"
  }
}