{
  "video_identification": {
    "video_id": "HVaYVt3sNQ8",
    "title": "Principles for the Return / שיבה - מחזון לתכנון",
    "href": "/watch?v=HVaYVt3sNQ8",
    "full_url": "https://www.youtube.com/watch?v=HVaYVt3sNQ8",
    "content_type": "video"
  },
  "basic_info": {
    "date": "265 views",
    "view_count": "265 views",
    "channel": "Zochrot"
  },
  "extracted_metadata": {
    "title": "Principles for the Return / שיבה - מחזון לתכנון",
    "date": "2012-12-20",
    "place": "Location Not Specified",
    "topic": "Documentary/Investigation",
    "description": "Opening Symposium// The Cape Town Document: Return - From vision to plan איורע השקה// שיבה - מחזון לתכנון: מסמך עקרונות לשיבת הפליטים הפלסטינים על בסיס סיור לימודי בקייפטאון, דרום אפריקה אסלם לוי, מקייפטאון משתף אותנו בחוויות שלו מהגירוש וההרס של ביתו בתקופת האפרטהייד. צילום ועריכה: מורן בריר תרגום לאנגלית: עמי אשר עיצוב לוגו: אביב גרוס-אלון Aslam Levi, is sharing with us his memories from the Apartheid times, when his house was destroyed www.zochrot.org / zochrot",
    "channel": "Zochrot"
  },
  "metadata": {
    "source_url": "https://www.youtube.com",
    "scraped_at": "2025-11-05T22:27:26.692462",
    "extraction_method": "Playlist Video Page"
  }
}