{
  "video_identification": {
    "video_id": "actteTWx0Uk",
    "title": "Future Scenarios in Israel Palestine Session 5 1",
    "href": "/watch?v=actteTWx0Uk&pp=0gcJCQMKAYcqIYzv",
    "full_url": "https://www.youtube.com/watch?v=actteTWx0Uk&pp=0gcJCQMKAYcqIYzv",
    "content_type": "video"
  },
  "basic_info": {
    "date": "54 views",
    "view_count": "54 views",
    "channel": "PalestineLandSociety"
  },
  "extracted_metadata": {
    "title": "Future Scenarios in Israel Palestine Session 5 1",
    "date": "2018-12-31",
    "place": "Israel",
    "topic": "Palestinian-Israeli Conflict",
    "description": "Key moments View all Origin of the Conflict Origin of the Conflict 3:16 Origin of the Conflict 3:16 The Partition Plan The Partition Plan 4:31 The Partition Plan 4:31 Where Is the Land of the Jews Where Is the Land of the Jews 17:10 Where Is the Land of the Jews 17:10 Israel 2020 Israel 2020 19:39 Israel 2020 19:39 Palestinian Villages Palestinian Villages 20:35 Palestinian Villages 20:35 Costs of Construction Costs of Construction 29:02 Costs of Construction 29:02 Facts about Israelis Facts about Israelis 30:05 Facts about Israelis 30:05 Transcript Follow along using the transcript. Show transcript PalestineLandSociety 1.09K subscribers",
    "channel": "PalestineLandSociety"
  },
  "metadata": {
    "source_url": "https://www.youtube.com",
    "scraped_at": "2025-11-05T22:40:56.116524",
    "extraction_method": "Playlist Video Page"
  }
}