{
  "video_identification": {
    "video_id": "FICRQ_yYMOY",
    "title": "شهاده عبد القاسم يونس - لاجيء من الصفصاف | Abed al-Qasim Younis- Refugee from Safsaf",
    "href": "/watch?v=FICRQ_yYMOY",
    "full_url": "https://www.youtube.com/watch?v=FICRQ_yYMOY",
    "content_type": "video"
  },
  "basic_info": {
    "date": "966 views",
    "view_count": "966 views",
    "channel": "Zochrot"
  },
  "extracted_metadata": {
    "title": "شهاده عبد القاسم يونس - لاجيء من الصفصاف | Abed al-Qasim Younis- Refugee from Safsaf",
    "date": "2017-05-15",
    "place": "Safsaf",
    "topic": "Refugees/Displacement",
    "description": "شهاده عبد القاسم يونس منطقة السكن الحالي: صيدا – عين الحلوه – تجمع الصفصاف – الشارع الفوقاني . مكان الولاده: قرية الصفصاف – قضاء صفد سنه الولاده: 1919 عدد أفراد الأسرة قبل الهجرة : ستة عشر شخصا اجرى المقابلة: جمعية النجدة الاجتماعية في لبنان / 2007 لغة المقابلة: العربية تم تجميع الشهاده كجزء من مشروع: جسر الذاكرة - بين الرأس الأحمر وكيرم بن زمره שם המרואיין: עבד אלקאסם יונס שנת לידה: 1919 מקום לידה: כפר אל סֿפסֿאף (נפת סַ'פַד - צפת) מקום מגורים נוכחי: צידון - מחנה פליטים עין אל-חילווה ראיין: ארגון אלנג'דה בלבנון שנת ראיון: 2007 שפה: ערבית העדות נאספה כחלק מפרוייקט: זיכרון מגשר - בין אלראס אלאחמר וכרם בן זמרה Abed Qasim Younis Refugee from Safsaf - Safed District Current residence: Sidon - Ain El Halwa refugee camp - Lebanon Year of Birth: 1919 Date of Interview: 2007 Interviewer: Association Najdeh Language: Arabic The testimony was taken as part of the project \"Bridging Memory - Between al-Ras al-Ahmar and Kerem ben Zimra",
    "channel": "Zochrot"
  },
  "metadata": {
    "source_url": "https://www.youtube.com",
    "scraped_at": "2025-11-05T22:26:39.584481",
    "extraction_method": "Playlist Video Page"
  }
}