{
  "video_identification": {
    "video_id": "F01qoNS3VoA",
    "title": "2024 Green Olive Benefit Concert",
    "href": "/watch?v=F01qoNS3VoA",
    "full_url": "https://www.youtube.com/watch?v=F01qoNS3VoA",
    "content_type": "video"
  },
  "basic_info": {
    "date": "1.1K views",
    "view_count": "1.1K views",
    "channel": "greenolivetours5614"
  },
  "extracted_metadata": {
    "title": "2024 Green Olive Benefit Concert",
    "date": "2024-03-03",
    "place": "West Bank",
    "topic": "Arrest/Detention",
    "description": "Contributions can be made at https://greenolivetours.com/contribut... - This extraordinary hour of music and solidarity features world class musicians calling for an immediate ceasefire to the ongoing killings in Gaza and the dispossession of two million people. In addition to fundraising, his event promotes empathy for the bereaved families and families of Hostages and prisoners, solidarity across borders, and a lasting peace. We hope it will serve as an expression of hope in this difficult time. The funds raised will assist Green Olive to develop more solidarity visits to Palestinian villages in the West Bank, assist human rights defenders, and further develop our network of over 500 members in 25 countries around the world. The organisation assists members with advocacy activities and solidarity relationships with besieged communities. Your contributions will also benefit HRDF: Human Rights defenders Fund and PCRF: Palestine Children's Relief Fund. A Green Olive Collective Production Many thanks to all the musicians: Pete Morton - UK - Two Brothers Wisam Gibran - Nazareth - Beyond the Eighth Heaven Alfredo Rolando Ortiz - Cuba/Venesuela/California - Milonga Para Amar Sunita Staneslow - Jaffa/Minnesota/Shetland - Mi Ha Ish Danny Dworsky - Haifa - Stuborn Naiveté Sunita & Wisam - Jaffa - Sleep Soon ida Mornin' Park Stickney - Switzerland - Improvisations Sara, Seth & Caleb Hunter, & choir - London - One Day - One Choir movement to mark International Day of Peace at St John’s, Hoxton, London",
    "channel": "greenolivetours5614"
  },
  "metadata": {
    "source_url": "https://www.youtube.com",
    "scraped_at": "2025-11-05T22:12:13.097578",
    "extraction_method": "Playlist Video Page"
  }
}