{
  "video_identification": {
    "video_id": "qe63UqreTW0",
    "title": "ערב עיון: גנאולוגיה של מחיקה / Symposium: Genealogy of Erasure",
    "href": "/watch?v=qe63UqreTW0",
    "full_url": "https://www.youtube.com/watch?v=qe63UqreTW0",
    "content_type": "video"
  },
  "basic_info": {
    "date": "326 views",
    "view_count": "326 views",
    "channel": "Zochrot"
  },
  "extracted_metadata": {
    "title": "ערב עיון: גנאולוגיה של מחיקה / Symposium: Genealogy of Erasure",
    "date": "2016-05-30",
    "place": "Jaffa",
    "topic": "Refugees/Displacement",
    "description": "ערב עיון: גנאולוגיה של מחיקה במסגרת פרוייקט: בתים מֵעֵבֶר למקף יום שבת, 14 במאי, 16:30-18:30 ערב העיון יבקש להרחיב את הדיון בנושאים בהם עוסק הפרויקט, בדגש על המחיקה של החיים הרשמיים, הציבוריים, התרבותיים והפרטיים שהתקיימו בערים הפלסטיניות עד 1948 ככלל ושל יאפא בפרט, דרך הצגה ודיון בפרויקטים מגוונים החושפים את ההיסטוריה האורבנית של העיר שמעבר למקף שנמחקה. דברי פתיחה: דבי פרבר פרופ׳ טובי פנסטר ורוני שלזינגר: הבית כאזור מגע ביפו: פרויקט הכתובות במרחבים עירוניים בקונפליקט אדריכלים שמיר זלקין ועמר בר אורין: בית קוטוּב - כמעט מודרניזם קרן קינברג: בית אמין נאסיף-עולי ציון 36 הימת זועבי: עירוניים בלי עיר - חיפאווים בחיפה אחרי הנכבה תמרה בן חלים: פליטה דור שלישי מיאפא, משפחתה גורשה ב-1948 למצריים, שיחת סקייפ ندوة بعنوان : أصول المحو ضمن مشروع: بيوتٌ بَعدَ الواصلة يوم السبت، 14 أيار، 16:30-18:30 ستساهم الندوة في إثراء النقاش حول المواضيع التي يتناولها المشروع، مع التشديد على محو الحياة الرسميّة، الجماهيرية، الثقافيّة والخاصة التي كانت قائمة في المدن الفلسطينية حتى 1948 عامة، وفي مدينة يافا خاصة، من خلال عروض ونقاشات حول المشاريع المتنوّعة التي تكشف التاريخ الحضريّ للمدينة الممحيّة بعد الواصلة. كلمة الافتتاحية: دِبي فربر بروفسور طوبي فنستر وروني شليزنغر: المنزل كمنطقة تماس: مشروع العناوين في الفضاءات الحضرية الموجودة في صراع. المهندسان المعماريان شمير زلكين وعومر بار أوريون: منزل قطب-الاقتراب من الحداثة كيرن كينبرچ: بيت أمين ناصيف - عولي تسيون 36 همت زعبي: حضريين بلا مدينة - الحيفاويين في حيفا بعد النكبة تمارا بن حليم، لاجئة جيل ثالث للنكبة، هُجّرت عائلتها من يافا عام 1948 الى مصر. محادثة سكايب Symposium: Genealogy of Erasure Houses beyond the Hyphen Saturday, May 14, 16:30-18:30 The symposium will offer an extensive discussion of the issues addressed by the project, with emphasis on the erasure of official, public, cultural and private lives of the pre-1948 Palestinian city – and Jaffa in particular – by presenting and discussing a range of other projects that expose the urban history of the now hyphenated city. Greetings and opening statements: Debby Farber - Prof. Tobi Fenster and Ronnie Schlesinger: The House as a Contact Zone in Jaffa: The Conflicted Urban Spaces Project Architects Shamir Zalkin and Omer Bar-Oryan: Qutub House – Quasi-Modernism Keren Kinberg: Amin Nassif House on 36 Oley Zion St.- Himat Zoabi: Town-less town dwellers – Haifans in post-Nakba Haifa Tamara Ben Halim, A third generation refugee from Yaffa, her family had fled in 1948 to Egypt, Skype conversation.",
    "channel": "Zochrot"
  },
  "metadata": {
    "source_url": "https://www.youtube.com",
    "scraped_at": "2025-11-05T22:26:46.855559",
    "extraction_method": "Playlist Video Page"
  }
}