{
  "video_identification": {
    "video_id": "EIuwHiUvgkU",
    "title": "VOA | During Palestinian Olive Harvest, Cruelty - and Compassion - on Display | 6.11.2020",
    "href": "/watch?v=EIuwHiUvgkU",
    "full_url": "https://www.youtube.com/watch?v=EIuwHiUvgkU",
    "content_type": "video"
  },
  "basic_info": {
    "date": "16 views",
    "view_count": "16 views",
    "channel": "rabbisforhumanrights4516"
  },
  "extracted_metadata": {
    "title": "VOA | During Palestinian Olive Harvest, Cruelty - and Compassion - on Display | 6.11.2020",
    "date": "2020-11-08",
    "place": "West Bank",
    "topic": "Settlement Expansion",
    "description": "The olive harvest season in the West Bank is usually a time for celebration, but Palestinians say extremist Jewish settlers routinely destroy trees and even attack farmers. Linda Gradstein reports from the village of Burin near Nablus on a group of dovish Israelis who say they are determined to stop these attacks. By Linda Gradstein | Camera: Ricki Rosen https://www.voanews.com/episode/durin...",
    "channel": "rabbisforhumanrights4516"
  },
  "metadata": {
    "source_url": "https://www.youtube.com",
    "scraped_at": "2025-11-05T22:22:25.548858",
    "extraction_method": "Playlist Video Page"
  }
}