{
  "video_identification": {
    "video_id": "-EMV0B_-2EM",
    "title": "עבדו אלרמאחי פליט מכפר אלמֻזֵירִעָה \\ Testimony by abdo al-Rimahi - Muzayri'a village",
    "href": "/watch?v=-EMV0B_-2EM",
    "full_url": "https://www.youtube.com/watch?v=-EMV0B_-2EM",
    "content_type": "video"
  },
  "basic_info": {
    "date": "287 views",
    "view_count": "287 views",
    "channel": "Zochrot"
  },
  "extracted_metadata": {
    "title": "עבדו אלרמאחי פליט מכפר אלמֻזֵירִעָה \\ Testimony by abdo al-Rimahi - Muzayri'a village",
    "date": "2017-02-10",
    "place": "Location Not Specified",
    "topic": "Refugees/Displacement",
    "description": "עבדו אלרמאחי פליט מכפר אלמֻזֵירִעָה, נפת רמלה. שנת לידה: 1938 מקום הראיון: אוסטרליה שנה: 2010 שפת הראיון: אנגלית عبدو الرماحي، لاجيء من قرية المزيرعة قضاء الرملة سنة الولادة: 1938 مكان السكن الحالي: استراليا سنة المقابلة: 2010 لغة المقابلة: الانجليزية Abdo al-Rimahi Refugee from the village of Muzayri'a village (Ramlah district) Year of birth: 1938 Current residence: Australia Date of Interview: 2010 Language: English",
    "channel": "Zochrot"
  },
  "metadata": {
    "source_url": "https://www.youtube.com",
    "scraped_at": "2025-11-05T22:26:41.672491",
    "extraction_method": "Playlist Video Page"
  }
}