{
  "video_identification": {
    "video_id": "z66qK3n-aTI",
    "title": "Cultural Genocide in Palestine Gaza and Beyond | Prof. Munir Nuseibah",
    "href": "/watch?v=z66qK3n-aTI",
    "full_url": "https://www.youtube.com/watch?v=z66qK3n-aTI",
    "content_type": "video"
  },
  "basic_info": {
    "date": "305 views",
    "view_count": "305 views",
    "channel": "Zochrot"
  },
  "extracted_metadata": {
    "title": "Cultural Genocide in Palestine Gaza and Beyond | Prof. Munir Nuseibah",
    "date": "2024-07-22",
    "place": "Gaza Strip",
    "topic": "Palestinian-Israeli Conflict",
    "description": "Zochrot and TINAU hold a discussion with Prof. Munir Nuseibah to examine the Israeli attempts to conduct a cultural genocide in Palestine, focusing on the wide destruction of the Gaza Strip, but also showing other examples of cultural genocide elsewhere in Palestine. Language: English",
    "channel": "Zochrot"
  },
  "metadata": {
    "source_url": "https://www.youtube.com",
    "scraped_at": "2025-11-05T22:26:09.050179",
    "extraction_method": "Playlist Video Page"
  }
}