{
  "video_identification": {
    "video_id": "6jdcCK2zy68",
    "title": "Talking about Return – Moran Barir | שיחות על שיבה – מורן בריר",
    "href": "/watch?v=6jdcCK2zy68",
    "full_url": "https://www.youtube.com/watch?v=6jdcCK2zy68",
    "content_type": "video"
  },
  "basic_info": {
    "date": "66 views",
    "view_count": "66 views",
    "channel": "Zochrot"
  },
  "extracted_metadata": {
    "title": "Talking about Return – Moran Barir | שיחות על שיבה – מורן בריר",
    "date": "2018-09-09",
    "place": "Location Not Specified",
    "topic": "Refugees/Displacement",
    "description": "נהוג לדבר על שיבת הפליטים הפלסטינים בצורה רומנטית ולא קונקרטית, אך מה עם הפתרונות לאתגרים הבירוקרטיים, החברתיים, התכנוניים והפוליטיים אשר יהיו כרוכים בשיבת הפליטים? הפעם, ב\"שיחות על שיבה\", ראיון עם מורן בריר, וידיאו-אקטיבסטית, העוסקת בתכנון שיבת הפליטים הפלסטינים. צילום: נמרוד גרשוני עריכה: יובל אברהם כתב/ת: יובל אברהם It is customary to talk about the return of the Palestinian refugees in a romantic and not concrete way, but what about the solutions to the bureaucratic, social and political challenges that will be involved in the return of the refugees? This time, in \"Talking about Return\" an interview with Moran Barir, a video-activist, dealing with the planning of the return of the Palestinian refugees.",
    "channel": "Zochrot"
  },
  "metadata": {
    "source_url": "https://www.youtube.com",
    "scraped_at": "2025-11-05T22:26:25.360983",
    "extraction_method": "Playlist Video Page"
  }
}