{
  "video_identification": {
    "video_id": "eaS3CeFoSUs",
    "title": "A Jewish response to violence: Donate and support the Olive Harvest in the West Bank",
    "href": "/watch?v=eaS3CeFoSUs",
    "full_url": "https://www.youtube.com/watch?v=eaS3CeFoSUs",
    "content_type": "video"
  },
  "basic_info": {
    "date": "60 views",
    "view_count": "60 views",
    "channel": "rabbisforhumanrights4516"
  },
  "extracted_metadata": {
    "title": "A Jewish response to violence: Donate and support the Olive Harvest in the West Bank",
    "date": "2023-09-12",
    "place": "West Bank",
    "topic": "Protest/Demonstration",
    "description": "As Jewish extremism and messianic fervour resurface, we have a twofold mission. We work in the fields, supporting Palestinian farmers with their harvest, and we embody a different, morally conscious Judaism that values human rights and life above all else. Your support, no matter the amount, empowers us to make a meaningful difference. Every donation allows us to acquire essential equipment, expand transportation, and bolster our teams for a month of harvesting. Join us in shaping a better future. Donate now at: https://causematch.com/rhr_23 and be the force for change. To volunteer for our impactful harvest days, sign up at https://forms.gle/RHqKEVK5mukcriB36 Your hands and hearts can make a difference.",
    "channel": "rabbisforhumanrights4516"
  },
  "metadata": {
    "source_url": "https://www.youtube.com",
    "scraped_at": "2025-11-05T22:22:22.410517",
    "extraction_method": "Playlist Video Page"
  }
}