{
  "video_identification": {
    "video_id": "4tP0egutnDE",
    "title": "English Video-08: Palästinatage München Reversing Ethnic Cleansing -Dr. Salman Abu Sitta",
    "href": "/watch?v=4tP0egutnDE",
    "full_url": "https://www.youtube.com/watch?v=4tP0egutnDE",
    "content_type": "video"
  },
  "basic_info": {
    "date": "70 views",
    "view_count": "70 views",
    "channel": "PalestineLandSociety"
  },
  "extracted_metadata": {
    "title": "English Video-08: Palästinatage München Reversing Ethnic Cleansing -Dr. Salman Abu Sitta",
    "date": "2011-07-12",
    "place": "Location Not Specified",
    "topic": "English",
    "description": "Palästinatage München Reversing Ethnic Cleansing Munich, 22 May 2011.",
    "channel": "PalestineLandSociety"
  },
  "metadata": {
    "source_url": "https://www.youtube.com",
    "scraped_at": "2025-11-05T22:41:05.580576",
    "extraction_method": "Playlist Video Page"
  }
}