{
  "video_identification": {
    "video_id": "eIANxOIg1To",
    "title": "Collective Liberation: Israeli & Palestinian Solidarity",
    "href": "/watch?v=eIANxOIg1To",
    "full_url": "https://www.youtube.com/watch?v=eIANxOIg1To",
    "content_type": "video"
  },
  "basic_info": {
    "date": "331 views",
    "view_count": "331 views",
    "channel": "combatantsforpeace5017"
  },
  "extracted_metadata": {
    "title": "Collective Liberation: Israeli & Palestinian Solidarity",
    "date": "Date Not Available",
    "place": "Location Not Specified",
    "topic": "Palestinian-Israeli Conflict",
    "description": "Palestinian-Israeli Conflict - Location Not Specified",
    "channel": "combatantsforpeace5017"
  },
  "metadata": {
    "source_url": "https://www.youtube.com",
    "scraped_at": "2025-11-05T22:51:42.309031",
    "extraction_method": "Playlist Video Page"
  }
}