{
  "video_identification": {
    "video_id": "PM3VncVdP8U",
    "title": "Demolitions in the Jordan Valley",
    "full_url": "https://www.youtube.com/shorts/PM3VncVdP8U",
    "content_type": "shorts"
  },
  "basic_info": {
    "duration": "Short Form",
    "channel": "rabbisforhumanrights4516",
    "channel_url": "https://www.youtube.com/@rabbisforhumanrights4516/shorts"
  },
  "extracted_metadata": {
    "date": "2025-07-24",
    "place": "Jordan Valley",
    "topic": "Home Demolition",
    "description": "Listen to Rabbi Ruti Baidatz, chair of our board, as she bares witness to unjust demolitions in the north Jordan Valley this morning. Is this what your kids are being enlisted for?\" האזינו לרבה רותי בידץ, יושבת ראש הנהלתנו, שמעידה על הריסות לא צודקות בבקעת הירדן הצפונית הבוקר. האם בשביל זה מגייסים את הילדים שלכם?",
    "channel": "rabbisforhumanrights4516"
  },
  "metadata": {
    "scraped_at": "2025-11-05T22:10:32.702265"
  }
}