{
  "video_identification": {
    "video_id": "RdHfNIfMKXc",
    "title": "Day four of the PALESTINIAN Olive Harvest",
    "full_url": "https://www.youtube.com/shorts/RdHfNIfMKXc",
    "content_type": "shorts"
  },
  "basic_info": {
    "duration": "Short Form",
    "channel": "rabbisforhumanrights4516",
    "channel_url": "https://www.youtube.com/@rabbisforhumanrights4516/shorts"
  },
  "extracted_metadata": {
    "date": "2025-10-19",
    "place": "Burin",
    "topic": "Violence/Confrontation",
    "description": "The fourth day of the olive harvest took place in Burin, where dozens of volunteers joined Palestinian farmers in their fields. Together they picked, helped, and stood shoulder to shoulder with them in the face of violence and military restrictions. This is not only the season of harvest — it is a season of choice. A choice to do good, a choice to not stand idly by. A choice to act in the face of occupation. “Turn from evil and do good; seek peace and pursue it.” (Psalms 34:15) This is our path. 📍 Burin, Fourth Day of the 2025 Olive Harvest 🫒 Vounteer - bit.ly/OliveHarvest25",
    "channel": "rabbisforhumanrights4516"
  },
  "metadata": {
    "scraped_at": "2025-11-05T22:10:32.701756"
  }
}