{
  "video_identification": {
    "video_id": "aMl0VOtSkL0",
    "title": "כל הזכויות שמורות - סרט קצר \\ All Rights Reserved - short film",
    "href": "/watch?v=aMl0VOtSkL0",
    "full_url": "https://www.youtube.com/watch?v=aMl0VOtSkL0",
    "content_type": "video"
  },
  "basic_info": {
    "date": "2K views",
    "view_count": "2K views",
    "channel": "Zochrot"
  },
  "extracted_metadata": {
    "title": "כל הזכויות שמורות - סרט קצר \\ All Rights Reserved - short film",
    "date": "2018-02-07",
    "place": "Israel",
    "topic": "General Documentation",
    "description": "כל הזכויות שמורות בימוי : לילה בטרמן וענאל רזניק ישראל/פלסטין | 2014 | עברית עם כתוביות באנגלית הסרט הופק במסגרת הפסטיבל הסרטים הבינלאומי השני בעקבות הנכבה ולקראת שיבה טאבו – איסור חברתי כנגד שמות, חפצים, פעולות, אנשים ושיחה בנושא מסוים, שנחשבים כלא-רצויים בחברה מסוימת. עבירה על טאבו נחשבת למעשה נתעב. טאבו – רישום בעלות על קרקע ועל נכסי דלא ניידי. כשלקירות הבית ודייריו יש מה לספר אבל הטאבו משתיק, נאלצים חפצים לדבר במקומם. בית הופך לבלטה, בעל בית למנעול, ופגישה לפינג'ן. ------------------------------ جميع الحقوق محفوظة إخراج: ليلا بطرمان وعنئل رزنيك إسرائيل/فِلَسطين، 2014 اللغة: العبرية مع ترجمه للإنجليزية تم انتاج الفيلم ضمن المهرجان الدولي الثاني لأفلام في أعقاب النكبة ونحو العودة طابو – منع اجتماعيّ مقابل أسماء، أمتعة، نشاطات، أشخاص، وحوار في موضوع معيّن، حيث تُعتبر غير مرغوب فيها في مجتمع معيّن. (...) تجاوز الطابو يُعتبر عملًا حقيرًا. طابو – تسجيل ملكية على أرض وعلى أملاك غير منقولة. حيث إنّ جدران البيت وساكنيه لديهم ما يحكونه، لكنّ الطابو يُخرسهم، تُضطرّ الأمتعة إلى الحديث بدلًا منهم. يصبح البيت بلاطة، ويصبح صاحب البيت قفلًا، ويصبح اللقاء فنجانًا. --------------------- All Rights Reserved Dir : Laila Bettermann & Anael Resnick Palestine/Israel | 2014 | Hebrew with En subs The film was produced for: 48mm Film Festival From Nakba to Return Taboo - Social prohibition against names, activities, people and conversation subjects considered undesirable. Violating a taboo is seen as a despicable act. Tabu – Property title deed. When the house and its tenants want to tell a story but are silenced by the taboo, objects have to speak in their stead. A house turns into a tile, a landlord into a lock and a meeting into a cup of tea.",
    "channel": "Zochrot"
  },
  "metadata": {
    "source_url": "https://www.youtube.com",
    "scraped_at": "2025-11-05T22:26:30.174112",
    "extraction_method": "Playlist Video Page"
  }
}