{
  "video_identification": {
    "video_id": "ahRgLmB_ioU",
    "title": "60 years to the Partition Plan of Palestine / ששים שנה לתוכנית החלוקה",
    "href": "/watch?v=ahRgLmB_ioU&pp=0gcJCQMKAYcqIYzv",
    "full_url": "https://www.youtube.com/watch?v=ahRgLmB_ioU&pp=0gcJCQMKAYcqIYzv",
    "content_type": "video"
  },
  "basic_info": {
    "date": "152 views",
    "view_count": "152 views",
    "channel": "Zochrot"
  },
  "extracted_metadata": {
    "title": "60 years to the Partition Plan of Palestine / ששים שנה לתוכנית החלוקה",
    "date": "2017-06-08",
    "place": "Rothschild",
    "topic": "Refugees/Displacement",
    "description": "ביום חמישי 29/11/2007 ציינה זוכרות שישים שנה להחלטת החלוקה של האו\"ם בשד' רוטשילד פינת בלפור בתל אביב. במקום הוצבו חמישה תצלומים בגודל אדם, בהם מצולמים פליטים פלסטינים מהנכבה ב-1948. הם נולדו בכפר אלראס אלאחמר, כיום מושב כרם בן זמרה. תצלומים אלה נעשו במסגרת פרויקט \"זיכרון מגשר\" בשיתוף שותפים בלבנון ובאירופה. בשדרה הוצב גם פוסטר המתאר את מהלך הפרויקט, בו הוצבו התצלומים בשרידי הכפר הפלסטיני.‏ צילום ועריכה: יוסי יעקב שפה: עברית עם כתוביות באנגלית ----------------- 60 عامًا على قرار التقسيم الصادر عن الأمم المتحدة 11/2007 ذاكرات، التلفزيون الإجتماعي احييت زوخروت يوم الخميس 29/11/2007 مرور ستين عامًا على قرار التقسيم الصادر عن الأمم المتحدة، في جادة روتشيلد زاوية بلفور (1) في تل أبيب. تمّ وضع خمس صور بحجم آدميّ في الموقع، بينها صور للاجئين فلسطينيين من النكبة عام 1948. وقد ولدوا في قرية الراس الأحمر، اليوم موشاف كيرم بن زمرة. هذه الصور أنتجت في إطار مشروع \"ذاكرة جاسرة\" بالمشاركة مع شركاء في لبنان وأوروبا. كذلك، تمّ وضع بوستر في المكان، وهو يصف مجرى المشروع الذي تمّ ضمنه وضع الصور على أنقاض القرية الفلسطينية. تمّ توزيع منشور لجمهور المارّة يشرح مضمون النشاط. مرّ المئات في المكان خلال العرض، وتوقّف كثيرون لتأمّل الصور وتلقّوا شروحًا من الناشطين. كان الكثير من المحادثات والنقاشات عن معنى تقسيم البلاد، النكبة وحقّ عودة اللاجئين الفلسطينيين. إلى جانب الردود المنفعلة والمشجّعة كانت هناك ردود معارضة، ولكن واحدًا فقط ردّ بغضب وبشتائم. هناك سيّدتان وافقتا على التقاط صورة لهما إلى جانب صورة لاجئ وأخذوا الصورة كتذكار. تصوير ومونتاح: يوسي يعقوب اللغه: العبرية مع ترجمه الى الانجليزية ------------------------ On Thursday, 29 November 2007, Zochrot marked 60 years since the UN partition Plan at Rothschild Blvd. corner of Balfour (!) Street in Tel Aviv. With us were five human-sized photocopies of Palestinian refugees, photographed as part of the \"Bridging Memory\" project. Filming and Editing: Yosi Yacov Hebrew with English subtitles",
    "channel": "Zochrot"
  },
  "metadata": {
    "source_url": "https://www.youtube.com",
    "scraped_at": "2025-11-05T22:26:37.325594",
    "extraction_method": "Playlist Video Page"
  }
}