{
  "video_identification": {
    "video_id": "Ok4TPDiZqtY",
    "title": "Salman Abu Sitta presentation 2018 04 12 Future Scenarios in Israel Palestine Day 2 Panel 4 PGM",
    "href": "/watch?v=Ok4TPDiZqtY",
    "full_url": "https://www.youtube.com/watch?v=Ok4TPDiZqtY",
    "content_type": "video"
  },
  "basic_info": {
    "date": "67 views",
    "view_count": "67 views",
    "channel": "PalestineLandSociety"
  },
  "extracted_metadata": {
    "title": "Salman Abu Sitta presentation 2018 04 12 Future Scenarios in Israel Palestine Day 2 Panel 4 PGM",
    "date": "2018-12-31",
    "place": "Gaza Strip",
    "topic": "General Documentation",
    "description": "Key moments View all TANTURA - HAIFA District 1948 TANTURA - HAIFA District 1948 27:10 TANTURA - HAIFA District 1948 27:10 TANTURA PRESENT SITUATION TANTURA PRESENT SITUATION 27:54 TANTURA PRESENT SITUATION 27:54 FUTURE TANTURA FUTURE TANTURA 28:23 FUTURE TANTURA 28:23 HIRIBYA - GAZA District 1948 HIRIBYA - GAZA District 1948 29:26 HIRIBYA - GAZA District 1948 29:26 Transcript Follow along using the transcript. Show transcript PalestineLandSociety 1.09K subscribers",
    "channel": "PalestineLandSociety"
  },
  "metadata": {
    "source_url": "https://www.youtube.com",
    "scraped_at": "2025-11-05T22:40:57.775327",
    "extraction_method": "Playlist Video Page"
  }
}