{
  "video_identification": {
    "video_id": "QnSGfW1rPa4",
    "title": "אין תשובה No Repentance",
    "href": "/watch?v=QnSGfW1rPa4",
    "full_url": "https://www.youtube.com/watch?v=QnSGfW1rPa4",
    "content_type": "video"
  },
  "basic_info": {
    "date": "711 views",
    "view_count": "711 views",
    "channel": "Zochrot"
  },
  "extracted_metadata": {
    "title": "אין תשובה No Repentance",
    "date": "2014-10-04",
    "place": "Jammasin al",
    "topic": "Palestinian-Israeli Conflict",
    "description": "מבט מגבעת עמל על המשטר הישראלי The Israeli regime on view from Giv’at 'Amal אחרי שתושבי ג'מאסין אל-ע'רבי עזבו את כפרם, כתוצאה מפחד מפני האלימות שהפעילה \"ההגנה\" באזור, אכלסו מהגרים יהודים מארצות ערב את בתיהם, כדי למנוע מהפלסטינים לשוב. כיום, שנת 2014, נראה שאחרוני צאצאי היהודים במקום - שנקרא גבעת עמל - עומדים להיות מגורשים מפני אלימות ההון והגזענות שמפעיל המשטר הישראלי. צילם וערך: איתן ברונשטיין אפריסיו זוכרות, אוקטובר 2014. משך הוידאו: 9:57 דקות לפרטים נוספים על ג'מאסין אל-ע'רבי: http://www.zochrot.org/place/%D7%90%D... Right after the Palestinian from Jammasin al-Gharbi forcibly left their homes, Jewish immigrant from Arab countries repopulated the village. Now, 2014, it seems the last descendants of those Jews are going to be removed by the pressure of the racist capital, a basis of the Israeli regime. More about Jammasin al-Gharbi: http://www.zochrot.org/en/place/al-ja... Filming and editing: Eitan Bronstein Aparicio Zochrot, October 2014 9:57 minutes",
    "channel": "Zochrot"
  },
  "metadata": {
    "source_url": "https://www.youtube.com",
    "scraped_at": "2025-11-05T22:27:15.256120",
    "extraction_method": "Playlist Video Page"
  }
}