{
  "video_identification": {
    "video_id": "8MTNfDPuP6A",
    "title": "Dr. Salman Abu Sitta return back home for the first time after 47 years of exile (Emotional moment)",
    "href": "/watch?v=8MTNfDPuP6A",
    "full_url": "https://www.youtube.com/watch?v=8MTNfDPuP6A",
    "content_type": "video"
  },
  "basic_info": {
    "date": "87 views",
    "view_count": "87 views",
    "channel": "PalestineLandSociety"
  },
  "extracted_metadata": {
    "title": "Dr. Salman Abu Sitta return back home for the first time after 47 years of exile (Emotional moment)",
    "date": "2021-05-07",
    "place": "Location Not Specified",
    "topic": "General Documentation",
    "description": "Dr. Salman Abu Sitta return back home for the first time after 47 years of exile (Emotional moment) 8Likes87Views2021May 8 … PalestineLandSociety 1.09K subscribers",
    "channel": "PalestineLandSociety"
  },
  "metadata": {
    "source_url": "https://www.youtube.com",
    "scraped_at": "2025-11-05T22:40:42.577313",
    "extraction_method": "Playlist Video Page"
  }
}