{
  "video_identification": {
    "video_id": "3VbWtwiMYao",
    "title": "From Sde Teiman to 1948 | Remembering the Prisoners of War Camps",
    "href": "/watch?v=3VbWtwiMYao&pp=0gcJCQMKAYcqIYzv",
    "full_url": "https://www.youtube.com/watch?v=3VbWtwiMYao&pp=0gcJCQMKAYcqIYzv",
    "content_type": "video"
  },
  "basic_info": {
    "date": "1K views",
    "view_count": "1K views",
    "channel": "Zochrot"
  },
  "extracted_metadata": {
    "title": "From Sde Teiman to 1948 | Remembering the Prisoners of War Camps",
    "date": "2024-08-17",
    "place": "Gaza Strip",
    "topic": "Arrest/Detention",
    "description": "a Special event marking the launch of our booklet “Remembering the Prisoners of War Camps” (1948). This booklet chronicles the story of the camps where the nascent state of Israel detained thousands of Palestinians without trial between 1948 and 1950. At Zochrot, we continue to expose the crimes of the Nakba and are proud to highlight this often overlooked chapter, which strongly links to the ongoing systematic policy of mass detention of Palestinians today. Since October 2023, the Hamas attack on Israeli communities and the genocide of Palestinians in Gaza have led to a new wave of arrests and a severe deterioration in incarceration conditions, including widespread torture and maltreatment. During the event, experts discussed past and present detention practices, analyze their objectives and motivations, and advocate for a future of freedom for all. Panel Participants: Sahar Francis, an attorney defending Palestinian prisoners: \"The Reality of the Palestinian Prisoners and War Crimes\". Dr. Shai Gortler, Visiting Assistant Professor at the Center for Middle East Studies, University of Arkansas: \"The 1948 Prisoner of War Camps\".",
    "channel": "Zochrot"
  },
  "metadata": {
    "source_url": "https://www.youtube.com",
    "scraped_at": "2025-11-05T22:26:08.833694",
    "extraction_method": "Playlist Video Page"
  }
}