{
  "video_identification": {
    "video_id": "GHoYwbcIct4",
    "title": "Freedom of movement is a HUMAN RIGHT!",
    "full_url": "https://www.youtube.com/shorts/GHoYwbcIct4",
    "content_type": "shorts"
  },
  "basic_info": {
    "duration": "Short Form",
    "channel": "rabbisforhumanrights4516",
    "channel_url": "https://www.youtube.com/@rabbisforhumanrights4516/shorts"
  },
  "extracted_metadata": {
    "date": "2025-01-29",
    "place": "West Bank",
    "topic": "Human Rights",
    "description": "According to OCHA, at present, there are 793 movement obstacles that are permanently or intermittently controlling, restricting and monitoring Palestinian movement in the West Bank. We at Rabbis for Human Rights condemn the Israeli state’s imposition of restrictions on the right to movement and travel as a clear violation of international law.",
    "channel": "rabbisforhumanrights4516"
  },
  "metadata": {
    "scraped_at": "2025-11-05T22:10:32.702761"
  }
}