{
  "video_identification": {
    "video_id": "8IGC9zKj6cs",
    "title": "יום עיון על הספר \"השואה והנכבה \\ Symposium on The book: Holocaust and the Nakba",
    "href": "/watch?v=8IGC9zKj6cs",
    "full_url": "https://www.youtube.com/watch?v=8IGC9zKj6cs",
    "content_type": "video"
  },
  "basic_info": {
    "date": "484 views",
    "view_count": "484 views",
    "channel": "Zochrot"
  },
  "extracted_metadata": {
    "title": "יום עיון על הספר \"השואה והנכבה \\ Symposium on The book: Holocaust and the Nakba",
    "date": "2015-10-23",
    "place": "High",
    "topic": "Cultural Heritage",
    "description": "יום עיון: ״ישר בפָּנִים מביטות השתיים״ לרגל צאתו לאור של הספר \"השואה והנכבה: זיכרון, זהות לאומית ושותפות יהודית ערבית\" בעריכתם של בשיר בשיר ועמוס גולדברג 14\\10\\2015 (אפשר לשנות את ההגדרות ביוטיוב לצפות בוידאו באיכות גבוה -HD) מושב ראשון: השואה והנכבה: על טיבה של וו החיבור ועל הדקדוק הפנימי של הזיכרון הטראומטי מרזוק אלחלבי, עיתונאי, סופר, משורר ומבקר ספרות ותרבות עמר אלע'בארי, עמותת זוכרות אלמוג בהר, סופר ומשורר מושב שני - האתיקה של זיכרונות השואה והנכבה: אופק של פיוס ושותפות יהודית ערבית? ד\"ר יעל ברדה, האוניברסיטה העברית ירושלים שירה קופפר, אוניברסיטת חיפה עלא חליחל, סופר ומחזאי מגיבים: ד\"ר עמוס גולדברג (האוניברסיטה העברית בירושלים, מכון ון ליר בירושלים), ד\"ר בשיר בשיר (האוניברסיטה הפתוחה, מכון ון ליר בירושלים) לפרטים על הספר http://zochrot.org/he/event/56240 -------------------- يمكن تغيير التعريفات ومشاهدة الفيديو بجودة عالية (HD) يوم دراسيّ: \"في الوجهِ مباشرةً تحدّقُ الاثنتان\" يوم دراسيّ بمناسبة إصدار كتاب \"المحرقة والنكبة: ذاكرة، هويّة قومية وشراكة عربيّة- يهوديّة\", تحرير بشير بشير وعاموس چولدبِرچ 14\\10\\2015 الجلسة الأولى: المحرقة والنكبة: حول ماهيّة واو العطف والقواعد الداخلية للذاكرة المؤلمة مرزوق الحلبي: صحافيّ، أديب، شاعر وناقد أدبي وثقافي. عمر الغباري: جمعية ذاكرات آلموچ بهار: شاعر، أديب وناقد أدبي الجلسة الثانية – أخلاقيات المحرقة والنكبة: أفق للمصالحة والشراكة اليهودية العربية؟ د. ياعِل بردَه، الجامعة العبرية القدس شيرا كوبفر, جامعة حيفا علاء حليحل، أديب وكاتب مسرحي تعقيب وتعليق: د. عاموس چولدبِرچ (الجامعة العبرية القدس، معهد فان لير في القدس)، د. بشير بشير (معهد فان لير في القدس). لمزيد من التفاصيل عن الكتاب http://zochrot.org/ar/event/56240 ----------------------- Change the setting on youtube in order to watch the video in High Quality HD “The Two Gaze Directly into One Another’s Face\" Symposium marking the launch of The Holocaust and the Nakba: Memory, National Identity and Jewish-Arab Partnership | Coeditors: Bashir Bashir & Amos Goldberg 14\\10\\2015 First Session: Holocaust and Nakba: On the nature of the “and” and the internal grammar of traumatic memory Marzuk Al-Halabi: Journalist, writer, poet and literary and cultural critic Umar al-Ghubari from Zochrot Almog Behar: Poet, writer and literary critic Second Session: The ethics of memories of the Holocaust and the Nakba and A horizon of Arab-Jewish reconciliation and partnership? Dr. Yael Barda, Hebrew University of Jerusalem Shira Kupfer, Haifa University Ala Halihal: Writer and playwright Dr. Amos Goldberg (Hebrew University of Jerusalem, Van Leer Jerusalem Institute) and Dr. Bashir Bashir (The Open University, Van Leer Jerusalem Institute) For more details http://zochrot.org/en/event/56240",
    "channel": "Zochrot"
  },
  "metadata": {
    "source_url": "https://www.youtube.com",
    "scraped_at": "2025-11-05T22:27:01.270905",
    "extraction_method": "Playlist Video Page"
  }
}