{
  "video_identification": {
    "video_id": "FRw90t7Yr1E",
    "title": "Webinar: Shrinking Democratic Space with Breaking the Silence",
    "href": "/watch?v=FRw90t7Yr1E",
    "full_url": "https://www.youtube.com/watch?v=FRw90t7Yr1E",
    "content_type": "video"
  },
  "basic_info": {
    "date": "191 views",
    "view_count": "191 views",
    "channel": "greenolivetours5614"
  },
  "extracted_metadata": {
    "title": "Webinar: Shrinking Democratic Space with Breaking the Silence",
    "date": "2023-01-30",
    "place": "Location Not Specified",
    "topic": "Human Rights",
    "description": "In January of 2023 the Green Olive Collective joined with Becca Strober of Breaking the Silence for a webinar reckoning with the aftermath of the Israeli elections and the stark impact of the new government on democratic discourse and human rights. With an ultranationalist coalition in power and Itamar Ben Gvir as National Minister of Security, we came together as a community invested in a vibrant culture of democracy and political expression to take stock of the political moment in light of the broader trajectory of occupation.",
    "channel": "greenolivetours5614"
  },
  "metadata": {
    "source_url": "https://www.youtube.com",
    "scraped_at": "2025-11-05T22:12:17.763329",
    "extraction_method": "Playlist Video Page"
  }
}