{
  "video_identification": {
    "video_id": "EAgIAg8X1Fk",
    "title": "Return Conference /Maya al-Orza – The current situation of Palestinian refugees",
    "href": "/watch?v=EAgIAg8X1Fk",
    "full_url": "https://www.youtube.com/watch?v=EAgIAg8X1Fk",
    "content_type": "video"
  },
  "basic_info": {
    "date": "135 views",
    "view_count": "135 views",
    "channel": "Zochrot"
  },
  "extracted_metadata": {
    "title": "Return Conference /Maya al-Orza – The current situation of Palestinian refugees",
    "date": "2016-04-11",
    "place": "Bethlehem",
    "topic": "Refugees/Displacement",
    "description": "How to say 'Awda in Hebrew? The 3rd International Conference on the Return of Palestinian Refugees From: 21-22/03/2016 Maya al-Orza from Badil - Resource Center for Palestinian Residency & Refugee Rights, Bethlehem \"The current situation of Palestinian refugees\", based on Badil’s Survey of Palestinian Refugees and Internally Displaced Persons 2013-2015 To watch the lecture in Arabic: • مؤتمر العودة / ذاكرات - مايا الأورزا من مر... To watch the lecture in Hebrew: • כנס השיבה / זוכרות / מאיה אל-אורזה – תמונת... *** about the conference: http://www.zochrot.org/en/event/56261 Like us on Facebook: / zochrot",
    "channel": "Zochrot"
  },
  "metadata": {
    "source_url": "https://www.youtube.com",
    "scraped_at": "2025-11-05T22:26:54.444750",
    "extraction_method": "Playlist Video Page"
  }
}