{
  "video_identification": {
    "video_id": "tUHRDeCE3zk",
    "title": "Yosef Weitz and the 1948 Plan to Prevent Palestinian Return #rightofreturn #gaza #podcast",
    "full_url": "https://www.youtube.com/shorts/tUHRDeCE3zk",
    "content_type": "shorts"
  },
  "basic_info": {
    "duration": "Short Form",
    "channel": "Zochrot",
    "channel_url": "https://www.youtube.com/@Zochrot/shorts"
  },
  "extracted_metadata": {
    "date": "2025-08-11",
    "place": "Location Not Specified",
    "topic": "Refugees/Displacement",
    "description": "As head of the Jewish National Fund’s Land Department, Yosef Weitz led the Transfer Committee. The Transfer Committee played a crucial part in the expulsion of the Palestinians in 1948. In this episode, Dr. Yaara Benger Alaluf unpacks the importance of this document and its recommendations for preventing the return of refugees.",
    "channel": "Zochrot"
  },
  "metadata": {
    "scraped_at": "2025-11-05T22:11:16.517749"
  }
}