{
  "video_identification": {
    "video_id": "KJhvgQSrvPc",
    "title": "Public Apology in the Palestinian Village of Lubya | An Initiative of StopTheJNF South Africa",
    "href": "/watch?v=KJhvgQSrvPc",
    "full_url": "https://www.youtube.com/watch?v=KJhvgQSrvPc",
    "content_type": "video"
  },
  "basic_info": {
    "date": "277 views",
    "view_count": "277 views",
    "channel": "Zochrot"
  },
  "extracted_metadata": {
    "title": "Public Apology in the Palestinian Village of Lubya | An Initiative of StopTheJNF South Africa",
    "date": "2018-09-11",
    "place": "South",
    "topic": "Arrest/Detention",
    "description": "התנצלות פומבית בכפר הפלסטיני לוּבּיא \\ יוזמה של \"עצרו את קק\"ל דרום אפריקה\" ביוזמתה של קבוצת פעילים/ות יהודים/ות מדרום אפריקה החברים בתנועת \"עצרו את קק\"ל-דרום אפריקה\" התקיים ביום שישי ה-1 במאי טקס התנצלות מרגש ותקדימי בין שרידי הכפר הפלסטיני לוביה שבגליל התחתון. הקבוצה הדרום אפריקאית התנצלה בפני פליטים ועקורים מכפר לוביה על כך שתרמו כספים לקק\"ל אשר נטעה על חורבות כפרם יער בשמם וקראה לו יער דרום אפריקה, יער אשר היווה חלק מפרקטיקת מניעת השיבה של פליטי הכפר שגורשו ממנו ב- 1948. https://zochrot.org/he/article/56474 بمبادرة من مجموعة ناشطين/ات يهود من جنوب أفريقيا أعضاء في حركة \"أوقفوا الصندوق القومي اليهودي – جنوب إفريقيا\" عقد يوم الجمعة 1.5.2015 طقس مؤثر بين أطلال قرية لوبية المهجرة في الجليل الأسفل، حيث سُجّلت فيه سابقة اعتذار تقدّمت به مجموعة من يهود جنوب أفريقيا أمام لاجئين ومهجّرين فلسطينيين من لوبية بسبب تبرعهم بأموال إلى الصندوق القومي اليهودي (كيرن كييمت) الذي زرع على أنقاض قريتهم غابة أسماها غابة جنوب أفريقيا وبذلك ساهموا في الاستيلاء على أراضي لوبية ومنع عودة أهلها الذي هجّروا منها عام 1948. Public Apology in the Palestinian Village of Lubya \\ An Initiative of StopTheJNF South Africa Following an initiative by a group of Jewish activists from South Africa, members of the StopTheJNF movement, an unprecedented apology ceremony was held on May 1 among the ruins of the Palestinian village of Lubya in the Galilee. The South Africans apologized to refugees and internally displaced persons from the village for having donated money to the Jewish National Fund, used to plant the so-called South Africa Forest on the rubbles of Lubya, a forest which was part of the Zionist practice of denying the return of Palestinian refugees.",
    "channel": "Zochrot"
  },
  "metadata": {
    "source_url": "https://www.youtube.com",
    "scraped_at": "2025-11-05T22:26:23.876914",
    "extraction_method": "Playlist Video Page"
  }
}