{
  "video_identification": {
    "video_id": "tjD4X-a4CZQ",
    "title": "Webinar: U.S. Military Aid and the Assault on Gaza with AFSC",
    "href": "/watch?v=tjD4X-a4CZQ",
    "full_url": "https://www.youtube.com/watch?v=tjD4X-a4CZQ",
    "content_type": "video"
  },
  "basic_info": {
    "date": "243 views",
    "view_count": "243 views",
    "channel": "greenolivetours5614"
  },
  "extracted_metadata": {
    "title": "Webinar: U.S. Military Aid and the Assault on Gaza with AFSC",
    "date": "2024-05-02",
    "place": "Gaza Strip",
    "topic": "Violence/Confrontation",
    "description": "On Thursday, May 2nd of 2024 the Green Olive Collective joined with Noam Perry of the American Friends Service Committee to learn about the role of the Unites States in arming the military campaign in the Gaza Strip in the half year prior, about the specific weaponry supplied, and about the historic relationship between the two military powers. We discussed how the military industry and arms trade function, and how we can hold corporations and governments accountable as we mark over half a year of devastation in the Gaza Strip. This recording of the webinar is free and open to the public, but you can become a member of the Green Olive Collective at the following link to sustain our work to challenge the violence of occupation and advocate for a democratic future: https://members.greenolivecollective....",
    "channel": "greenolivetours5614"
  },
  "metadata": {
    "source_url": "https://www.youtube.com",
    "scraped_at": "2025-11-05T22:12:12.678587",
    "extraction_method": "Playlist Video Page"
  }
}