{
  "video_identification": {
    "video_id": "8A7hmU8sjEM",
    "title": "Awards of the 9th year competition for the reconstruction of destroyed Palestinian villages",
    "href": "/watch?v=8A7hmU8sjEM",
    "full_url": "https://www.youtube.com/watch?v=8A7hmU8sjEM",
    "content_type": "video"
  },
  "basic_info": {
    "date": "40 views",
    "view_count": "40 views",
    "channel": "PalestineLandSociety"
  },
  "extracted_metadata": {
    "title": "Awards of the 9th year competition for the reconstruction of destroyed Palestinian villages",
    "date": "2025-09-27",
    "place": "Location Not Specified",
    "topic": "Palestinian-Israeli Conflict",
    "description": "Music 1 songs 23lan ta2mim kanat el sewes part 4AbdelNaser Music PalestineLandSociety 1.09K subscribers",
    "channel": "PalestineLandSociety"
  },
  "metadata": {
    "source_url": "https://www.youtube.com",
    "scraped_at": "2025-11-05T22:40:30.256480",
    "extraction_method": "Playlist Video Page"
  }
}