{
  "video_identification": {
    "video_id": "kf6pGJA9Ug0",
    "title": "Fred's Daily Minute - 2 July",
    "href": "/watch?v=kf6pGJA9Ug0",
    "full_url": "https://www.youtube.com/watch?v=kf6pGJA9Ug0",
    "content_type": "video"
  },
  "basic_info": {
    "date": "13 views",
    "view_count": "13 views",
    "channel": "greenolivetours5614"
  },
  "extracted_metadata": {
    "title": "Fred's Daily Minute - 2 July",
    "date": "2020-07-02",
    "place": "Location Not Specified",
    "topic": "General Documentation",
    "description": "Annexation, Netanyahu, and a politician's wealth",
    "channel": "greenolivetours5614"
  },
  "metadata": {
    "source_url": "https://www.youtube.com",
    "scraped_at": "2025-11-05T22:12:27.502217",
    "extraction_method": "Playlist Video Page"
  }
}