{
  "video_identification": {
    "video_id": "iG5H-dlwYzg",
    "title": "Homeland Insecurity Part 2: Jerusalem Revealed",
    "href": "/watch?v=iG5H-dlwYzg",
    "full_url": "https://www.youtube.com/watch?v=iG5H-dlwYzg",
    "content_type": "video"
  },
  "basic_info": {
    "date": "468 views",
    "view_count": "468 views",
    "channel": "greenolivetours5614"
  },
  "extracted_metadata": {
    "title": "Homeland Insecurity Part 2: Jerusalem Revealed",
    "date": "2020-04-25",
    "place": "Location Not Specified",
    "topic": "Chapters View all",
    "description": "Chapters View all Intro Intro 0:00 Intro 0:00 Tel Aviv Jaffa Tel Aviv Jaffa 0:22 Tel Aviv Jaffa 0:22 Coronavirus Coronavirus 0:56 Coronavirus 0:56 Conclusion Conclusion 1:26 Conclusion 1:26 Transcript Follow along using the transcript. Show transcript",
    "channel": "greenolivetours5614"
  },
  "metadata": {
    "source_url": "https://www.youtube.com",
    "scraped_at": "2025-11-05T22:12:33.544844",
    "extraction_method": "Playlist Video Page"
  }
}