{
  "video_identification": {
    "video_id": "_CFOl5Q5fCE",
    "title": "Zochrot Film Festival //Abu Arab Film - אבו ערבּ - فيلم أبو عرب",
    "href": "/watch?v=_CFOl5Q5fCE",
    "full_url": "https://www.youtube.com/watch?v=_CFOl5Q5fCE",
    "content_type": "video"
  },
  "basic_info": {
    "date": "5.3K views",
    "view_count": "5.3K views",
    "channel": "Zochrot"
  },
  "extracted_metadata": {
    "title": "Zochrot Film Festival //Abu Arab Film - אבו ערבּ - فيلم أبو عرب",
    "date": "2015-04-21",
    "place": "Location Not Specified",
    "topic": "General Documentation",
    "description": "The Film with English subtitles • Zochrot Film Festival //Abu Arab Film - 2013 הפסטיבל הבינלאומי הראשון לסרטי נכבה ושיבה 2013 אחד הסרטים הקצרים שהופק במיוחד לפסטיבל אבו ערבּ - أبو عرب - Abu Arab Film by Mona Daher בימוי: מֻנא דֽֿ'אהר 13 דקות, עברית, תרגום לעברית ואנגלית הסרט מתמקד בדור השלישי לנכּבּה, בדילמות סביב זהותן ואף בחשש מאובדנה. מֻנא דֽֿ'אהר, בת 17, נכדתו של הפליט אבו ערבּ מסֿפוריה, לוקחת אותנו למסע חיפוש אחרי סיבות פיצול הזהות הפלסטינית והתנפצותה בקרב הנוער שמגדירים עצמם כישראלים. מצד שני, מֻנא שופכת אור על אירוע העקירה של משפחתה מסֿפוריה, אשר ממשיך ללוות את סבהּ עד היום, ובזכותו עברו פרטי הסיפור מדוד לדור, והגיעו גם אליה. לפרטים נוספים http://www.zochrot.org/he/article/55076 المهرجان الدوليّ الأول لأفلام النكبة والعودة - 2013 احد الافلام القصيرة الذي أنتج خصيصا للمهرجان أبو عرب - Abu Arab إخراج: منى ظاهر 13 دقائق, العربية مع ترجمه للعبرية يتمحور الفيلم حول الجيل الثالث للنكبة وصراع الهوية لديه وحتى ضياعها. منى ظاهر ابنة السابعة عشر حفيدة المهجر الصفوري ابو عرب تأخذنا في رحلة تبحث فيها اسباب تشرذم الهوية الفلسطينية وتشتتها في اوساط الشباب الذي بات بعرّف نفسه إسرائيليا، وتلقي الضوء على أحداث تهجير عائلتها من صفورية، والتي ما زالت ترافق جدها حتى اليوم، مما سهّل توارث القصة عبر الاجيال المتعاقبة وصولا اليها ! لمزيد من المعلومات http://www.zochrot.org/ar/article/55076",
    "channel": "Zochrot"
  },
  "metadata": {
    "source_url": "https://www.youtube.com",
    "scraped_at": "2025-11-05T22:27:08.988585",
    "extraction_method": "Playlist Video Page"
  }
}