{
  "video_identification": {
    "video_id": "8EAoPEpppx0",
    "title": "Interfaith March for Peace and Human Rights - Italian Report (TG2000)",
    "href": "/watch?v=8EAoPEpppx0",
    "full_url": "https://www.youtube.com/watch?v=8EAoPEpppx0",
    "content_type": "video"
  },
  "basic_info": {
    "date": "29 views",
    "view_count": "29 views",
    "channel": "rabbisforhumanrights4516"
  },
  "extracted_metadata": {
    "title": "Interfaith March for Peace and Human Rights - Italian Report (TG2000)",
    "date": "2025-06-03",
    "place": "Location Not Specified",
    "topic": "Human Rights",
    "description": "Transcript Follow along using the transcript. Show transcript רבנים לזכויות אדם | Rabbis for Human Rights 147 subscribers",
    "channel": "rabbisforhumanrights4516"
  },
  "metadata": {
    "source_url": "https://www.youtube.com",
    "scraped_at": "2025-11-05T22:22:15.168386",
    "extraction_method": "Playlist Video Page"
  }
}