{
  "video_identification": {
    "video_id": "KGhiaKGUMuM",
    "title": "Settlement Expansion in Umm Al-Kheir",
    "full_url": "https://www.youtube.com/shorts/KGhiaKGUMuM",
    "content_type": "shorts"
  },
  "basic_info": {
    "duration": "Short Form",
    "channel": "rabbisforhumanrights4516",
    "channel_url": "https://www.youtube.com/@rabbisforhumanrights4516/shorts"
  },
  "extracted_metadata": {
    "date": "2025-02-04",
    "place": "Umm Al",
    "topic": "Settlement Expansion",
    "description": "This morning, Eyal Yehuda, a construction company sanctioned by much of the Western world, began preparing land on the outskirts of Umm Al-Kheir for an olive grove. The settlement of Carmel already surrounds the Palestinian village of Umm Al-Kheir on 3 sides. This comes after the installation of a military-controlled gate at the village entrance, used arbitrarily to lock residents in. These actions are part of a broader effort to forcibly remove Palestinian communities and expand Jewish settlement.",
    "channel": "rabbisforhumanrights4516"
  },
  "metadata": {
    "scraped_at": "2025-11-05T22:10:32.702761"
  }
}