{
  "video_identification": {
    "video_id": "zu4xkI0aJUY",
    "title": "Return Conference /Prof. Ilan Pappé – Imagining the Post-Return Space \\ English Dubbing",
    "href": "/watch?v=zu4xkI0aJUY",
    "full_url": "https://www.youtube.com/watch?v=zu4xkI0aJUY",
    "content_type": "video"
  },
  "basic_info": {
    "date": "457 views",
    "view_count": "457 views",
    "channel": "Zochrot"
  },
  "extracted_metadata": {
    "title": "Return Conference /Prof. Ilan Pappé – Imagining the Post-Return Space \\ English Dubbing",
    "date": "2016-04-05",
    "place": "Exeter",
    "topic": "Refugees/Displacement",
    "description": "How to say 'Awda in Hebrew? The 3rd International Conference on the Return of Palestinian Refugees From: 21-22/03/2016 Keynote speaker: Prof. Ilan Pappé – Imagining the Post-Return Space Prof. Ilan Pappé – Haifa-born historian, University of Exeter, UK ---------------------- To watch the lecture in Arabic: • مؤتمر العودة / ذاكرات - المتحدث المركزي: ب... To watch the lecture in original language (Hebrew): • כנס השיבה / זוכרות / דובר מרכזי, פרופ' איל... *** about the conference: http://www.zochrot.org/en/event/56261 Like us on Facebook: / zochrot",
    "channel": "Zochrot"
  },
  "metadata": {
    "source_url": "https://www.youtube.com",
    "scraped_at": "2025-11-05T22:26:54.863126",
    "extraction_method": "Playlist Video Page"
  }
}