{
  "video_identification": {
    "video_id": "Fysi90bj8KM",
    "title": "Defend the Harvest - Donate Today!",
    "href": "/watch?v=Fysi90bj8KM&pp=0gcJCQMKAYcqIYzv",
    "full_url": "https://www.youtube.com/watch?v=Fysi90bj8KM&pp=0gcJCQMKAYcqIYzv",
    "content_type": "video"
  },
  "basic_info": {
    "date": "78 views",
    "view_count": "78 views",
    "channel": "rabbisforhumanrights4516"
  },
  "extracted_metadata": {
    "title": "Defend the Harvest - Donate Today!",
    "date": "2025-09-16",
    "place": "Location Not Specified",
    "topic": "Settlement Expansion",
    "description": "“Every family shall sit under their vine and fig tree, and they shall know no harm.” - Micah 4:4 causematch.com/defendtheharvest Settler violence is escalating, threatening Palestinian families, their land, and their safety. The olive harvest - a season rooted in history, culture, and livelihood - has become increasingly dangerous. Your support can make a difference. Donate today to Causematch.com/DefendTheHarvest and help bring hundreds of activists to the fields to provide protective presence and stand alongside Palestinians as they harvest their olives. All archival footage used in this video is thanks to B'Tselem בצלם",
    "channel": "rabbisforhumanrights4516"
  },
  "metadata": {
    "source_url": "https://www.youtube.com",
    "scraped_at": "2025-11-05T22:22:13.888298",
    "extraction_method": "Playlist Video Page"
  }
}