{
  "video_identification": {
    "video_id": "r-k-oMcy3Vw",
    "title": "We planted 100 OLIVE TREES in Wadi Rahim, Masafer Yatta",
    "href": "/watch?v=r-k-oMcy3Vw",
    "full_url": "https://www.youtube.com/watch?v=r-k-oMcy3Vw",
    "content_type": "video"
  },
  "basic_info": {
    "date": "147 views",
    "view_count": "147 views",
    "channel": "rabbisforhumanrights4516"
  },
  "extracted_metadata": {
    "title": "We planted 100 OLIVE TREES in Wadi Rahim, Masafer Yatta",
    "date": "2025-01-08",
    "place": "Wadi",
    "topic": "Settlement Expansion",
    "description": "Every Friday throughout February, we will plant saplings alongside Palestinian communities facing the harsh realities of occupation and settler violence. Join us in this vital and meaningful work in the field. Solidarity and partnership are our strongest responses to settler terror. Together, we can plant the seeds of hope and justice.",
    "channel": "rabbisforhumanrights4516"
  },
  "metadata": {
    "source_url": "https://www.youtube.com",
    "scraped_at": "2025-11-05T22:22:16.639829",
    "extraction_method": "Playlist Video Page"
  }
}