{
  "video_identification": {
    "video_id": "520XwHTCEPQ",
    "title": "Defend Democracy: Sign up for the Olive Harvest!",
    "href": "/watch?v=520XwHTCEPQ",
    "full_url": "https://www.youtube.com/watch?v=520XwHTCEPQ",
    "content_type": "video"
  },
  "basic_info": {
    "date": "83 views",
    "view_count": "83 views",
    "channel": "rabbisforhumanrights4516"
  },
  "extracted_metadata": {
    "title": "Defend Democracy: Sign up for the Olive Harvest!",
    "date": "2023-09-20",
    "place": "Kaplan",
    "topic": "Protest/Demonstration",
    "description": "🌱 Stand with Palestinians during the olive harvest, safeguarding their rights as you demand democracy. 💪 Transition from protest to action 🤝 Make a powerful statement of unity – volunteer during the harvest. Ready to move from the streets to the fields? 🌿 Sign Up Now to join the olive harvest movement. https://docs.google.com/forms/d/e/1FA... Saturdays in Kaplan, and throughout the week at the harvest.",
    "channel": "rabbisforhumanrights4516"
  },
  "metadata": {
    "source_url": "https://www.youtube.com",
    "scraped_at": "2025-11-05T22:22:21.775512",
    "extraction_method": "Playlist Video Page"
  }
}