{
  "video_identification": {
    "video_id": "FV7MUYEuWGY",
    "title": "Salman AbuSitta Right of Return (Al-Awda) conference, LA, 12 May 2018",
    "href": "/watch?v=FV7MUYEuWGY",
    "full_url": "https://www.youtube.com/watch?v=FV7MUYEuWGY",
    "content_type": "video"
  },
  "basic_info": {
    "date": "56 views",
    "view_count": "56 views",
    "channel": "PalestineLandSociety"
  },
  "extracted_metadata": {
    "title": "Salman AbuSitta Right of Return (Al-Awda) conference, LA, 12 May 2018",
    "date": "2018-12-30",
    "place": "Gaza Strip",
    "topic": "Key moments View all LAND USE",
    "description": "Key moments View all LAND USE IN ISRAEL LAND USE IN ISRAEL 7:17 LAND USE IN ISRAEL 7:17 TANTURA - HAIFA District 1948 TANTURA - HAIFA District 1948 14:10 TANTURA - HAIFA District 1948 14:10 TANTURA PRESENT SITUATION TANTURA PRESENT SITUATION 14:54 TANTURA PRESENT SITUATION 14:54 FUTURE TANTURA FUTURE TANTURA 15:23 FUTURE TANTURA 15:23 QALUNIYA - JERUSALEM District 1948 QALUNIYA - JERUSALEM District 1948 16:01 QALUNIYA - JERUSALEM District 1948 16:01 HIRIBYA - GAZA District 1948 HIRIBYA - GAZA District 1948 16:27 HIRIBYA - GAZA District 1948 16:27 Transcript Follow along using the transcript. Show transcript PalestineLandSociety 1.09K subscribers",
    "channel": "PalestineLandSociety"
  },
  "metadata": {
    "source_url": "https://www.youtube.com",
    "scraped_at": "2025-11-05T22:40:57.990445",
    "extraction_method": "Playlist Video Page"
  }
}