{
  "video_identification": {
    "video_id": "hdEgqtK0Md8",
    "title": "Passover and Easter explained",
    "href": "/watch?v=hdEgqtK0Md8",
    "full_url": "https://www.youtube.com/watch?v=hdEgqtK0Md8",
    "content_type": "video"
  },
  "basic_info": {
    "date": "174 views",
    "view_count": "174 views",
    "channel": "greenolivetours5614"
  },
  "extracted_metadata": {
    "title": "Passover and Easter explained",
    "date": "2021-04-21",
    "place": "Location Not Specified",
    "topic": "Palestinian-Israeli Conflict",
    "description": "This online session will explore the similarities and differences between Passover and Easter. This April, Eliyahu and Malkon – respective hosts of our 'Meet the Orthodox Jews' and 'Christians of the Holy Land' online sessions – are joining forces. They’ll explain the meaning and origins of Passover and Easter and tell you about what the holidays mean to them and the Israeli and Palestinian communities they’re part of. Both men are committed peace builders and religious experts, and you’ll have the chance to ask them plenty of questions in this informal session.",
    "channel": "greenolivetours5614"
  },
  "metadata": {
    "source_url": "https://www.youtube.com",
    "scraped_at": "2025-11-05T22:12:20.513501",
    "extraction_method": "Playlist Video Page"
  }
}