{
  "video_identification": {
    "video_id": "qT-5O_FL3Ts",
    "title": "עדותה של רות כספי - חיילת בפלמ״ח / Testimony by Ruth Caspi - Palmach soldier",
    "href": "/watch?v=qT-5O_FL3Ts",
    "full_url": "https://www.youtube.com/watch?v=qT-5O_FL3Ts",
    "content_type": "video"
  },
  "basic_info": {
    "date": "1.2K views",
    "view_count": "1.2K views",
    "channel": "Zochrot"
  },
  "extracted_metadata": {
    "title": "עדותה של רות כספי - חיילת בפלמ״ח / Testimony by Ruth Caspi - Palmach soldier",
    "date": "2017-01-03",
    "place": "Beit",
    "topic": "Interview/Testimony",
    "description": "עדותה של רות כספי - חיילת בפלמ״ח מקום לידה: תל אביב שנת לידה: 1930 גויסה לפלמ״ח ב- 1948 תפקיד אחרון: קשרית בהכשרת בית השיטה, 1947-1949 שוחררה ב- 1949 ראיינו: עמי אשר ורנין גירייס - זוכרות תאריך ראיון: 4.2.2016 שפת העדות: עברית Testimony by Ruth Amir (Caspi) - Palmach soldier Born in Tel aviv On 1930 Drafted on 1948 Served in the Palmach In The First Battalion, In D Company, In Yiftach Brigade Last Duty: Radio operator In Hachsharat Beit-Hashita 1947-1949 Released: 1949 Interviewer: Ami Asher and Raneen jeries - Zochrot Date of Interview: 4.2.2016 Interview Language: Hebrew",
    "channel": "Zochrot"
  },
  "metadata": {
    "source_url": "https://www.youtube.com",
    "scraped_at": "2025-11-05T22:26:43.128020",
    "extraction_method": "Playlist Video Page"
  }
}