{
  "video_identification": {
    "video_id": "51xwCgv8uhE",
    "title": "Between Imagination and Expectation: Testimonies by Palestinian Refugees in Southern Lebanon",
    "href": "/watch?v=51xwCgv8uhE&pp=0gcJCQMKAYcqIYzv",
    "full_url": "https://www.youtube.com/watch?v=51xwCgv8uhE&pp=0gcJCQMKAYcqIYzv",
    "content_type": "video"
  },
  "basic_info": {
    "date": "273 views",
    "view_count": "273 views",
    "channel": "Zochrot"
  },
  "extracted_metadata": {
    "title": "Between Imagination and Expectation: Testimonies by Palestinian Refugees in Southern Lebanon",
    "date": "2016-05-28",
    "place": "Southern",
    "topic": "Refugees/Displacement",
    "description": "Between Imagination and Expectation: Testimonies by Palestinian Refugees in Southern Lebanon, Lecture By Tiina Järvi (University of Tampere, Finland). social activist and doctoral student of social anthropology at the University of Tampere, Finland. In her doctoral work, Järvi examines how Palestinian refugees in Southern Lebanon conceive of return. She will present impressions of her last visit in Lebanon. ״בין דמיון לציפייה: עדויות של פליטים פלסטינים בדרום לבנון״ הרצאתה של טינה יֵרווי (פעילה חברתית ודוקטורנטית לאנתרופולוגיה חברתית באוניברסיטת טאמְפֶּרֶה, פינלנד) וילווה בדיון פתוח עם הקהל. הפליטים הפלסטינים הינם אוכלוסיית הפליטים הותיקה ביותר בהתאם להגדרת האו\"ם. מתחילת הנכבה ב-1948, מאות אלפי פלסטינים נעקרו ממולדתם ומדינת ישראל אינה מכירה או מתירה את שיבתם. עד היום מרבית הפלסטינים הינם פליטים המפוזרים במקומות שונים בעולם, חלקם אף נעקרו פעם שנייה, שלישית ורביעית. על פי נתוני אונר״א, מתגוררים בלבנון כ-250,000 פליטים פלסטינים, חסרי זכויות פוליטיות וכלכליות מהמדינה. ״وضع اللاجئين الفلسطينيين في لبنان، خاصة في مخيم عين الحلوة، حول حياتهم وأفكارهم بالنسبة للعودة״ محاضرة للناشطة وطالبة الدكتوراه تينا يارڤي Tiina Järvi، الباحثة في موضوع الانتروبولوجيا الاجتماعية في جامعة تامپرِه، فنلندا. في إطار دراستها للدكتوراه تجري يارڤي بحثًا عن رؤية العودة لدى لاجئين فلسطينيين في جنوب لبنان، وستعرض كذلك انطباعاتها من زيارتها الأخيرة إلى لبنان.",
    "channel": "Zochrot"
  },
  "metadata": {
    "source_url": "https://www.youtube.com",
    "scraped_at": "2025-11-05T22:26:47.056926",
    "extraction_method": "Playlist Video Page"
  }
}