{
  "video_identification": {
    "video_id": "NZwTWDcQdFA",
    "title": "The Survey of Western Palestine Revisited: The Visible and The Hidden",
    "href": "/watch?v=NZwTWDcQdFA",
    "full_url": "https://www.youtube.com/watch?v=NZwTWDcQdFA",
    "content_type": "video"
  },
  "basic_info": {
    "date": "1.1K views",
    "view_count": "1.1K views",
    "channel": "PalestineLandSociety"
  },
  "extracted_metadata": {
    "title": "The Survey of Western Palestine Revisited: The Visible and The Hidden",
    "date": "2020-03-10",
    "place": "Palestine",
    "topic": "Settlement Expansion",
    "description": "The Survey of Western Palestine Revisited: The Visible and The Hidden S. Abu Sitta: At SOAS University of London, Bloomsbury, February 28, 2020 Segments: 03:00 INTRODUCTION 06:55 SURVEY AREA 09:20 ACCURACY 14:10 NEW FOUND MATERIAL- TRACES AND COMPOSITES 16:18 NEW PEF ATLAS 22:22 TABLES, Generated Statistics 23:07 COMPLIANCE WITH THE SURVEY MISSION 27:35 CRUSADES’ SPIRIT 30:00 THE PEOPLE OF PALESTINE 31:45 NU’MAN QASATLY 35:25 ERASING HISTORY 37:02 Who Benefitted from the PEF Survey? Was it preserving the heritage of Palestine? 46:32 COLONIZATION 50:07 SO WHAT DOES THE NEW ATLAS OFFER? 50:57 CONCLUSION",
    "channel": "PalestineLandSociety"
  },
  "metadata": {
    "source_url": "https://www.youtube.com",
    "scraped_at": "2025-11-05T22:40:51.382008",
    "extraction_method": "Playlist Video Page"
  }
}