{
  "video_identification": {
    "video_id": "mPi7wWvk-Sc",
    "title": "עדויות של ישראלים / Testimonies of Israelis",
    "href": "/watch?v=mPi7wWvk-Sc",
    "full_url": "https://www.youtube.com/watch?v=mPi7wWvk-Sc",
    "content_type": "video"
  },
  "basic_info": {
    "date": "2.4K views",
    "view_count": "2.4K views",
    "channel": "Zochrot"
  },
  "extracted_metadata": {
    "title": "עדויות של ישראלים / Testimonies of Israelis",
    "date": "2012-10-23",
    "place": "Location Not Specified",
    "topic": "Interview/Testimony",
    "description": "www.zochrot.org / zochrot עדויות של ישראלים בני דור שני ושלישי על הנכבה Testimonies of Israelis of second the third generation about the Nakba שש עדויות וידיאו, סה\"כ 20 דקות, מצולמות בטלפון נייד, שבהן ישראלים מספרים על אירועים שונים שהתרחשו בנכבה. העדים המצולמים, מדור שני ושלישי, מספרים על אירועים עליהם שמעו ממקור ראשון. העדויות מצולמות במכשיר שנמצא בידי כל אחד כדי להדגים את האפשרות של כולנו להיעשות לעדים של אירועי 1948, לקחת אחריות על איסוף הידע אודותיה. כל המעוניין למסור עדות יכתוב למייל: eitan@zochrot.org Six video testimonies taken by mobile phone, 20 minutes. Israelis, from the second and third generation after the Nakba, describe events from 1948 as told them first generation Israelis. The testimonies are photographed by mobile phone in order to demonstrate how everyone can act as a witness to those events, and take responsibility for expanding our knowledge about it. Anyone who wishes to give testimony may write to: eitan@zochrot.org",
    "channel": "Zochrot"
  },
  "metadata": {
    "source_url": "https://www.youtube.com",
    "scraped_at": "2025-11-05T22:27:27.311653",
    "extraction_method": "Playlist Video Page"
  }
}