{
  "video_identification": {
    "video_id": "-ZgdQnmAsIA",
    "title": "Memorial Ceremony 2019 Part 5",
    "href": "/watch?v=-ZgdQnmAsIA",
    "full_url": "https://www.youtube.com/watch?v=-ZgdQnmAsIA",
    "content_type": "video"
  },
  "basic_info": {
    "date": "21 views",
    "view_count": "21 views",
    "channel": "combatantsforpeace5017"
  },
  "extracted_metadata": {
    "title": "Memorial Ceremony 2019 Part 5",
    "date": "Date Not Available",
    "place": "Location Not Specified",
    "topic": "General Documentation",
    "description": "General Documentation - Location Not Specified",
    "channel": "combatantsforpeace5017"
  },
  "metadata": {
    "source_url": "https://www.youtube.com",
    "scraped_at": "2025-11-05T22:51:55.924859",
    "extraction_method": "Playlist Video Page"
  }
}