{
  "video_identification": {
    "video_id": "NcGR9gwodtc",
    "title": "Zochrot Film Festival //Abu Arab Film - 2013",
    "href": "/watch?v=NcGR9gwodtc&pp=0gcJCQMKAYcqIYzv",
    "full_url": "https://www.youtube.com/watch?v=NcGR9gwodtc&pp=0gcJCQMKAYcqIYzv",
    "content_type": "video"
  },
  "basic_info": {
    "date": "1.8K views",
    "view_count": "1.8K views",
    "channel": "Zochrot"
  },
  "extracted_metadata": {
    "title": "Zochrot Film Festival //Abu Arab Film - 2013",
    "date": "2016-03-08",
    "place": "Palestine",
    "topic": "Refugees/Displacement",
    "description": "Abu Arab Directed by Mona Dohar Palestine 2013 Documentary 13 min. Arabic with Hebrew and English subtitles The movie focuses on the third generation of the Nakba and their dilemmas around their Palestinian identity, to the point of fear of losing it. Seventeen year-old Muna Thaher, the granddaughter of Abu-‛Arab, a refugee from Safuriyya, takes us on a voyage in search of the reasons for the split in Palestinian identity and its fragmentation among youths who now define themselves as Israelis. Along the way, Muna recounts the history of her family’s displacement from the village in the Galilee, as bequeathed by her grandfather across the generations. הפסטיבל הבינלאומי הראשון לסרטי נכבה ושיבה (2013) אחד הסרטים הקצרים שהופק במיוחד לפסטיבל אבו ערבּ - أبو عرب - Abu Arab בימוי: מֻנא דֽֿ'אהר 13 דקות, עברית, תרגום לעברית ואנגלית הסרט מתמקד בדור השלישי לנכּבּה, בדילמות סביב זהותן ואף בחשש מאובדנה. מֻנא דֽֿ'אהר, בת 17, נכדתו של הפליט אבו ערבּ מסֿפוריה, לוקחת אותנו למסע חיפוש אחרי סיבות פיצול הזהות הפלסטינית והתנפצותה בקרב הנוער שמגדירים עצמם כישראלים. מצד שני, מֻנא שופכת אור על אירוע העקירה של משפחתה מסֿפוריה, אשר ממשיך ללוות את סבהּ עד היום, ובזכותו עברו פרטי הסיפור מדוד לדור, והגיעו גם אליה. לפרטים נוספים http://zochrot.org/he/video/56307 المهرجان الدوليّ الأول لأفلام النكبة والعودة أبو عرب - فيلم قصير لمنى ظاهر 13 دقائق, العربية مع ترجمه للعبرية والانجليزية يتمحور الفيلم حول الجيل الثالث للنكبة وصراع الهوية لديه وحتى ضياعها. منى ظاهر ابنة السابعة عشر حفيدة المهجر الصفوري ابو عرب تأخذنا في رحلة تبحث فيها اسباب تشرذم الهوية الفلسطينية وتشتتها في اوساط الشباب الذي بات بعرّف نفسه إسرائيليا، وتلقي الضوء على أحداث تهجير عائلتها من صفورية، والتي ما زالت ترافق جدها حتى اليوم، مما سهّل توارث القصة عبر الاجيال المتعاقبة وصولا اليها ! http://zochrot.org/ar/video/56307",
    "channel": "Zochrot"
  },
  "metadata": {
    "source_url": "https://www.youtube.com",
    "scraped_at": "2025-11-05T22:26:55.489934",
    "extraction_method": "Playlist Video Page"
  }
}