{
  "video_identification": {
    "video_id": "l_FTrj6N1yY",
    "title": "Safa Aburabia – Identity of place among Bedouin-Arab women of the 48 generation and their daughters",
    "href": "/watch?v=l_FTrj6N1yY",
    "full_url": "https://www.youtube.com/watch?v=l_FTrj6N1yY",
    "content_type": "video"
  },
  "basic_info": {
    "date": "662 views",
    "view_count": "662 views",
    "channel": "Zochrot"
  },
  "extracted_metadata": {
    "title": "Safa Aburabia – Identity of place among Bedouin-Arab women of the 48 generation and their daughters",
    "date": "2015-01-16",
    "place": "Beersheba",
    "topic": "Interview/Testimony",
    "description": "Truth Commission on the Responsibility of Israeli Society for the Events of 1948-1960 in the South Public Event on Wednesday, December 10, 2014 in Beersheba / Bir al-Saba’ 10:00-19:00 Leonardo Hotel, 4 Henrietta Szold St. Beersheba Fifth panel | Expert witness Dr. Safa Aburabia – Identity of place among Bedouin-Arab women of the 48 generation and their daughters",
    "channel": "Zochrot"
  },
  "metadata": {
    "source_url": "https://www.youtube.com",
    "scraped_at": "2025-11-05T22:27:12.271830",
    "extraction_method": "Playlist Video Page"
  }
}