{
  "video_identification": {
    "video_id": "4SLyvrxDA2s",
    "title": "Webinar: From Nakba To Return with Zochrot",
    "href": "/watch?v=4SLyvrxDA2s",
    "full_url": "https://www.youtube.com/watch?v=4SLyvrxDA2s",
    "content_type": "video"
  },
  "basic_info": {
    "date": "228 views",
    "view_count": "228 views",
    "channel": "greenolivetours5614"
  },
  "extracted_metadata": {
    "title": "Webinar: From Nakba To Return with Zochrot",
    "date": "2023-05-29",
    "place": "Location Not Specified",
    "topic": "Violence/Confrontation",
    "description": "On Sunday, May 28th of 2023 the Green Olive Collective joined with Umar Al-Ghubari of Zochrot for a webinar imagining how Palestinian return could look in practice. As we marked the 75th anniversary of the Nakba, it was more important than ever to imagine the end of ongoing displacement and a reality beyond apartheid, partition, and occupation. We spoke with Umar about how to focus on the past as a key to a future of collective freedom where the rights of Palestinian returnees are honored. This recording of the webinar is free and open to the public, but you can contribute at the link below to sustain the Green Olive Collective and our work to challenge the violence of occupation and advocate for a democratic future: https://greenolivetours.com/contribut...",
    "channel": "greenolivetours5614"
  },
  "metadata": {
    "source_url": "https://www.youtube.com",
    "scraped_at": "2025-11-05T22:12:16.929265",
    "extraction_method": "Playlist Video Page"
  }
}