{
  "video_identification": {
    "video_id": "Z0-gdy5CI3Q",
    "title": "Resisting the Radical Right: Palestinian Civil Society",
    "href": "/watch?v=Z0-gdy5CI3Q",
    "full_url": "https://www.youtube.com/watch?v=Z0-gdy5CI3Q",
    "content_type": "video"
  },
  "basic_info": {
    "date": "456 views",
    "view_count": "456 views",
    "channel": "combatantsforpeace5017"
  },
  "extracted_metadata": {
    "title": "Resisting the Radical Right: Palestinian Civil Society",
    "date": "Date Not Available",
    "place": "Location Not Specified",
    "topic": "Palestinian-Israeli Conflict",
    "description": "Palestinian-Israeli Conflict - Location Not Specified",
    "channel": "combatantsforpeace5017"
  },
  "metadata": {
    "source_url": "https://www.youtube.com",
    "scraped_at": "2025-11-05T22:51:43.360077",
    "extraction_method": "Playlist Video Page"
  }
}