{
  "video_identification": {
    "video_id": "MiRQ9F-Rvkw",
    "title": "Return Conference \\ Panel: State, Regime and Space: Return Where?\\ English Dubbing",
    "href": "/watch?v=MiRQ9F-Rvkw",
    "full_url": "https://www.youtube.com/watch?v=MiRQ9F-Rvkw",
    "content_type": "video"
  },
  "basic_info": {
    "date": "142 views",
    "view_count": "142 views",
    "channel": "Zochrot"
  },
  "extracted_metadata": {
    "title": "Return Conference \\ Panel: State, Regime and Space: Return Where?\\ English Dubbing",
    "date": "2014-06-30",
    "place": "West Bank",
    "topic": "Home Demolition",
    "description": "***From Truth to Redress: Realizing the Return of Palestinian Refugees International Conference in Tel Aviv, September 29-30 2013*** Panel: State, Regime and Space: Return Where? Chair: Salman Natour - Author and Playwright, Daliet Al-Karmel • Imagining the Future: Towards a Binational State in Palestine-Israel and a Multicultural Regional Confederation / Prof. Jeff Halper -- Founder and Coordinator of the Israeli Committee Against House Demolitions (ICAHD). • Transitioning towards full equality and return / Allegra Pacheco -- Lawyer, Columbia Law School, work in the west bank, live in Bethlehem. • Looking Back, Looking Forward: Transitional Justice, Comprehensive Plans of Action and Palestinian Refugees / Terry Rempel -- PhD, Exeter University (UK). 15:45 Coffee Break 16:00 Continues - State, Regime and Space: Return Where? • The Right of Return: Reversing Ethnic Cleansing (Video) / Dr. Salman H. Abu Sitta - Founder and President of the Palestine Land Society (PLS), London. • Return as the Key for a One-State Solution / Ofra Lyth- The Jaffa Group for One Democratic State • Multilingualism as a Model for Post-Utopian Multi-Existentialism / Dr. Aïm Deüelle Lüski - Tel-Aviv University, Philosopher and Artist. • Society of Peace is Possible -- in Israel/Palestine: A Proposal for a New Political Order / Dr. Erella Shadmi - Radical feminist, peace and anti-racism activist and scholar living in Israel. *** To watch the panel in Hebrew: • כנס השיבה / זוכרות / פאנל: מדינה, משטר ומר... To watch the panel in Arabic: • مؤتمر العودة / ذاكرات - جلسة: الدولة والنظ... To watch the panel in original language: • Return Conference \\ Panel: State, Regime a... *** Zochrot Website: http://zochrot.org/en Like us on Facebook: / zochrot",
    "channel": "Zochrot"
  },
  "metadata": {
    "source_url": "https://www.youtube.com",
    "scraped_at": "2025-11-05T22:27:18.766766",
    "extraction_method": "Playlist Video Page"
  }
}