{
  "video_identification": {
    "video_id": "KxAd-fiB_Ts",
    "title": "Green Olive Collective • www.giftjustice.com",
    "full_url": "https://www.youtube.com/shorts/KxAd-fiB_Ts",
    "content_type": "shorts"
  },
  "basic_info": {
    "duration": "Short Form",
    "channel": "greenolivetours5614",
    "channel_url": "https://www.youtube.com/@greenolivetours5614/shorts"
  },
  "extracted_metadata": {
    "date": "2024-12-24",
    "place": "Location Not Specified",
    "topic": "General Documentation",
    "description": "Green Olive Fund • www.GiftJustice.com • contribute now",
    "channel": "greenolivetours5614"
  },
  "metadata": {
    "scraped_at": "2025-11-05T22:11:49.899194"
  }
}