{
  "video_identification": {
    "video_id": "bYlfwYkgnRM",
    "title": "My Intervention on negating refugees 13 Sept 2018",
    "href": "/watch?v=bYlfwYkgnRM",
    "full_url": "https://www.youtube.com/watch?v=bYlfwYkgnRM",
    "content_type": "video"
  },
  "basic_info": {
    "date": "12 views",
    "view_count": "12 views",
    "channel": "PalestineLandSociety"
  },
  "extracted_metadata": {
    "title": "My Intervention on negating refugees 13 Sept 2018",
    "date": "2018-12-30",
    "place": "Location Not Specified",
    "topic": "Refugees/Displacement",
    "description": "My Intervention on negating refugees 13 Sept 2018 0Likes12Views2018Dec 30 … PalestineLandSociety 1.09K subscribers",
    "channel": "PalestineLandSociety"
  },
  "metadata": {
    "source_url": "https://www.youtube.com",
    "scraped_at": "2025-11-05T22:40:58.205974",
    "extraction_method": "Playlist Video Page"
  }
}