{
  "video_identification": {
    "video_id": "o-c_Qg3I9zg",
    "title": "FLY OVER PALESTINE [Tour-11]: Iraq Suwaydan - El Khadr",
    "href": "/watch?v=o-c_Qg3I9zg",
    "full_url": "https://www.youtube.com/watch?v=o-c_Qg3I9zg",
    "content_type": "video"
  },
  "basic_info": {
    "date": "184 views",
    "view_count": "184 views",
    "channel": "PalestineLandSociety"
  },
  "extracted_metadata": {
    "title": "FLY OVER PALESTINE [Tour-11]: Iraq Suwaydan - El Khadr",
    "date": "2012-06-10",
    "place": "Palestine",
    "topic": "General Documentation",
    "description": "FLY OVER PALESTINE [Tour-11]: Iraq Suwaydan - El Khadr 2Likes184Views2012Jun 10 … PalestineLandSociety 1.09K subscribers",
    "channel": "PalestineLandSociety"
  },
  "metadata": {
    "source_url": "https://www.youtube.com",
    "scraped_at": "2025-11-05T22:41:02.193981",
    "extraction_method": "Playlist Video Page"
  }
}