{
  "video_identification": {
    "video_id": "R-vpGxHcws4",
    "title": "Webinar: Israeli Military Refusers with the Refuser Solidarity Network!",
    "href": "/watch?v=R-vpGxHcws4",
    "full_url": "https://www.youtube.com/watch?v=R-vpGxHcws4",
    "content_type": "video"
  },
  "basic_info": {
    "date": "320 views",
    "view_count": "320 views",
    "channel": "greenolivetours5614"
  },
  "extracted_metadata": {
    "title": "Webinar: Israeli Military Refusers with the Refuser Solidarity Network!",
    "date": "2025-02-17",
    "place": "Gaza Strip",
    "topic": "Separation Wall/Barrier",
    "description": "We joined on February 16th of 2025 to learn about the network of military refusers, conscientious objectors, and draft resistors defying forced military conscription in Israel. Since 2003 the Refuser Solidarity Network has amplified the voices of Israeli conscientious objectors and provided them crucial support in difficult circumstances. This includes jail support, legal fees, media campaigns, and education programs for Israeli and global audiences about their important resistance to ongoing military occupation. Since the latest assault on Gaza began in October 2023 a growing number of teenage objectors had refused compulsory conscription into the Israeli army and served time in military prison. Many of them were active in feminist refuser solidarity networks critical of militarism, state violence, patriarchy, and the ongoing Nakba. We were honored to join with two prominent members who worked to support this new wave of draft resistors: Atalya Ben-Abba is the social media coordinator of the Refuser Solidrity Network and administers the page Voices Against War. She publicly refused military service in 2017 and spent 110 days in military prison. Since then she has been active in solidary accompaniment, protective presence, and coresistance efforts in the Jordan Valley, South Hebron Hills, and Jerusalem. Sahar Vardi is a human rights defender whose activism began as a member of Anarchists Against The Wall supporting the popular struggle of Palestinians in Area C. She is known for her participation in a variety of organizations including the American Friends Service Committee, Free Jerusalem, and other initiatives challenging unbridled militarism in Israeli society. In 2008 she served three prison sentences for her refusal to be conscripted into the Israeli military. This recording of the webinar is free and open to the public, but you can become a member of the Green Olive Collective at the following link to sustain our work to challenge the violence of occupation and advocate for a democratic future: https://members.greenolivecollective....",
    "channel": "greenolivetours5614"
  },
  "metadata": {
    "source_url": "https://www.youtube.com",
    "scraped_at": "2025-11-05T22:12:11.415238",
    "extraction_method": "Playlist Video Page"
  }
}