{
  "video_identification": {
    "video_id": "A-bo9jx4DyM",
    "title": "The 2022 Nakba Remembrance Ceremony",
    "href": "/watch?v=A-bo9jx4DyM",
    "full_url": "https://www.youtube.com/watch?v=A-bo9jx4DyM",
    "content_type": "video"
  },
  "basic_info": {
    "date": "248 views",
    "view_count": "248 views",
    "channel": "combatantsforpeace5017"
  },
  "extracted_metadata": {
    "title": "The 2022 Nakba Remembrance Ceremony",
    "date": "Date Not Available",
    "place": "Location Not Specified",
    "topic": "General Documentation",
    "description": "General Documentation - Location Not Specified",
    "channel": "combatantsforpeace5017"
  },
  "metadata": {
    "source_url": "https://www.youtube.com",
    "scraped_at": "2025-11-05T22:51:45.925720",
    "extraction_method": "Playlist Video Page"
  }
}