{
  "video_identification": {
    "video_id": "iywZ-JWwoRo",
    "title": "Highlights from Zochrot's Return Conference, September 2013",
    "href": "/watch?v=iywZ-JWwoRo",
    "full_url": "https://www.youtube.com/watch?v=iywZ-JWwoRo",
    "content_type": "video"
  },
  "basic_info": {
    "date": "730 views",
    "view_count": "730 views",
    "channel": "Zochrot"
  },
  "extracted_metadata": {
    "title": "Highlights from Zochrot's Return Conference, September 2013",
    "date": "2013-11-24",
    "place": "Zochrot",
    "topic": "Highlights",
    "description": "Highlights from Zochrot's Return Conference, September 2013 10Likes730Views2013Nov 24 … Zochrot 3.78K subscribers Facebook",
    "channel": "Zochrot"
  },
  "metadata": {
    "source_url": "https://www.youtube.com",
    "scraped_at": "2025-11-05T22:27:24.400310",
    "extraction_method": "Playlist Video Page"
  }
}