{
  "video_identification": {
    "video_id": "JlPmUWo6v9A",
    "title": "לידתה של קק\"ל החדשה / The Creation of New KKL",
    "href": "/watch?v=JlPmUWo6v9A",
    "full_url": "https://www.youtube.com/watch?v=JlPmUWo6v9A",
    "content_type": "video"
  },
  "basic_info": {
    "date": "613 views",
    "view_count": "613 views",
    "channel": "Zochrot"
  },
  "extracted_metadata": {
    "title": "לידתה של קק\"ל החדשה / The Creation of New KKL",
    "date": "2014-04-21",
    "place": "Zochrot",
    "topic": "Documentation/Investigation",
    "description": "הסרט נוצר עבור התערוכה של קק\"ל החדשה בזוכרות, פברואר-מאי 2014 לפרוייקט זה אין קשר עם הקק\"ל. כתיבה, ובתפקיד רפי שטנדל: איתן ברונשטיין אפריסיו עיבוד לתסריט: מורן בריר ואיתן ברונשטיין אפריסיו צילום ועריכה: מורן בריר עיצוב שלטים: אביב גרוס אלון תרגום לאנגלית: עמי אשר צילומים נוספים באדיבות: הטלוויזיה החברתית, נגה קדמן, עמר אל-ע'בארי, זוכרות, יו טיוב מוזיקה: Kevin McLeod TheDrMusician Tekiu *** This film was created for the exhibition of New KKL in Zochrot, February-May 2014 This project has no connection to KKL-JNF. written and performed by: Eitan Bronstein Aparicio Adaptation: Moran Barir and Eitan Bronstein Aparicio filming and editing: Moran Barir Signs design: Aviv Gros-Allon English translation: Ami Asher More footages and images by: The social TV, Noga Kadman, Umar al-Ghubari, Zochrot, YouTube Music: Kevin McLeod TheDrMusician Tekiu",
    "channel": "Zochrot"
  },
  "metadata": {
    "source_url": "https://www.youtube.com",
    "scraped_at": "2025-11-05T22:27:20.856340",
    "extraction_method": "Playlist Video Page"
  }
}