{
  "video_identification": {
    "video_id": "lhUmAU3I-ZA",
    "title": "Prof. Oren Yiftachel – Geographical aspects and legal steps to displace the Bedouins in the South",
    "href": "/watch?v=lhUmAU3I-ZA",
    "full_url": "https://www.youtube.com/watch?v=lhUmAU3I-ZA",
    "content_type": "video"
  },
  "basic_info": {
    "date": "527 views",
    "view_count": "527 views",
    "channel": "Zochrot"
  },
  "extracted_metadata": {
    "title": "Prof. Oren Yiftachel – Geographical aspects and legal steps to displace the Bedouins in the South",
    "date": "2015-01-09",
    "place": "Location Not Specified",
    "topic": "Interview/Testimony",
    "description": "Fourth panel | Expert witness Prof. Oren Yiftachel – Geographical aspects and legal steps to displace the Bedouins in the South",
    "channel": "Zochrot"
  },
  "metadata": {
    "source_url": "https://www.youtube.com",
    "scraped_at": "2025-11-05T22:27:13.123497",
    "extraction_method": "Playlist Video Page"
  }
}