{
  "video_identification": {
    "video_id": "qbXCZeXZ8Zo",
    "title": "Building strength from within:Combating systems of oppression, injustice and mass incarceration.",
    "href": "/watch?v=qbXCZeXZ8Zo",
    "full_url": "https://www.youtube.com/watch?v=qbXCZeXZ8Zo",
    "content_type": "video"
  },
  "basic_info": {
    "date": "350 views",
    "view_count": "350 views",
    "channel": "combatantsforpeace5017"
  },
  "extracted_metadata": {
    "title": "Building strength from within:Combating systems of oppression, injustice and mass incarceration.",
    "date": "Date Not Available",
    "place": "Location Not Specified",
    "topic": "Building strength",
    "description": "Building strength - Location Not Specified",
    "channel": "combatantsforpeace5017"
  },
  "metadata": {
    "source_url": "https://www.youtube.com",
    "scraped_at": "2025-11-05T22:51:52.537609",
    "extraction_method": "Playlist Video Page"
  }
}