{
  "video_identification": {
    "video_id": "GN1aSoy_k50",
    "title": "Envisioned The Right of Return Return Week 2020",
    "href": "/watch?v=GN1aSoy_k50",
    "full_url": "https://www.youtube.com/watch?v=GN1aSoy_k50",
    "content_type": "video"
  },
  "basic_info": {
    "date": "58 views",
    "view_count": "58 views",
    "channel": "PalestineLandSociety"
  },
  "extracted_metadata": {
    "title": "Envisioned The Right of Return Return Week 2020",
    "date": "2020-12-11",
    "place": "Location Not Specified",
    "topic": "General Documentation",
    "description": "Music 2 songs Raging StreetsSefCholRaging StreetsThe Bronx is BurningDoug Maxwell/Media Right ProductionsThe Bronx is Burning Music Transcript Follow along using the transcript. Show transcript PalestineLandSociety 1.09K subscribers",
    "channel": "PalestineLandSociety"
  },
  "metadata": {
    "source_url": "https://www.youtube.com",
    "scraped_at": "2025-11-05T22:40:44.256789",
    "extraction_method": "Playlist Video Page"
  }
}