{
  "video_identification": {
    "video_id": "r5nTvHtFGvU",
    "title": "Israeli ANNEXATION of the West Bank Underway, Al-Walaja, Bethlehem",
    "full_url": "https://www.youtube.com/shorts/r5nTvHtFGvU",
    "content_type": "shorts"
  },
  "basic_info": {
    "duration": "Short Form",
    "channel": "rabbisforhumanrights4516",
    "channel_url": "https://www.youtube.com/@rabbisforhumanrights4516/shorts"
  },
  "extracted_metadata": {
    "date": "2025-01-12",
    "place": "West Bank",
    "topic": "Checkpoints & Access",
    "description": "The Israeli annexation of the West Bank is underway. Here in al-Walaja, a new checkpoint is being created to prevent Palestinians from accessing their land, with an ancient water source traditionally used by farmers now controlled by the Israel nature and parks authority.",
    "channel": "rabbisforhumanrights4516"
  },
  "metadata": {
    "scraped_at": "2025-11-05T22:10:32.702761"
  }
}