{
  "video_identification": {
    "video_id": "1zj5Xa1kIUo",
    "title": "Panel: Between Mizrahim and Palestinians: The Tension Between Exclusion and Responsibility \\ English",
    "href": "/watch?v=1zj5Xa1kIUo",
    "full_url": "https://www.youtube.com/watch?v=1zj5Xa1kIUo",
    "content_type": "video"
  },
  "basic_info": {
    "date": "939 views",
    "view_count": "939 views",
    "channel": "Zochrot"
  },
  "extracted_metadata": {
    "title": "Panel: Between Mizrahim and Palestinians: The Tension Between Exclusion and Responsibility \\ English",
    "date": "2016-04-23",
    "place": "Islamic Studies",
    "topic": "Refugees/Displacement",
    "description": "How to say 'Awda in Hebrew? The 3rd International Conference on the Return of Palestinian Refugees From: 21-22/03/2016 *Panel: Between Mizrahim and Palestinians: The Tension Between Exclusion and Responsibility* Chair: Dr. Tom Pessah–Yonatan/ Shapira postdoctoral fellow at the Dept. of Sociology and Anthropology, Tel Aviv University Ashkenazi Privileges, the Nakba and the Mizrahim / Tom Mehager – Mizrahi activist and blogger at Haoketz website The Mizrahim and the Nakba: Analyzing the Problematic Conjunction / Dr. Zvi Ben-Dor Benite – Professor of history and Chair of the Middle Eastern and Islamic Studies, NYU “We? We Weren’t Even Here”: Between Ethnic Identity and Collective Responsibility / Adi Livny – PhD student, Hebrew University of Jerusalem, member of Zochrot’s Mizrahi Struggle and the Nakba group Holon Project: In search of the Mizrahi Heritage of 1948 / Dr. Hilla Dayan – Amsterdam University College, co-founder of the Israeli Equality Academy and gate48 – platform for critical Israelis in the Netherlands Respondent: Hana Amoury - Palestinian activist from Yaffa, involved in struggles for public housing and against the occupation; member of Tarabut; previously Director of Sadaka-Reut, an NGO that provides bi-national education To watch the panel in Hebrew original language: • כנס השיבה / זוכרות / פאנל: בין מזרחים לפלס... To watch the panel in Arabic (Dubbing): • مؤتمر العودة / جلسة: \"بين اليهود الشرقيين ... To watch the panel in English (Dubbing): • Panel: Between Mizrahim and Palestinians: ... *** about the conference: http://www.zochrot.org/en/event/56261 Like us on Facebook: / zochrot",
    "channel": "Zochrot"
  },
  "metadata": {
    "source_url": "https://www.youtube.com",
    "scraped_at": "2025-11-05T22:26:51.955959",
    "extraction_method": "Playlist Video Page"
  }
}