{
  "video_identification": {
    "video_id": "JLcKXPyTXmU",
    "title": "Awards of the 5th year competition for the reconstruction of destroyed Palestinian villages",
    "href": "/watch?v=JLcKXPyTXmU",
    "full_url": "https://www.youtube.com/watch?v=JLcKXPyTXmU",
    "content_type": "video"
  },
  "basic_info": {
    "date": "606 views",
    "view_count": "606 views",
    "channel": "PalestineLandSociety"
  },
  "extracted_metadata": {
    "title": "Awards of the 5th year competition for the reconstruction of destroyed Palestinian villages",
    "date": "2021-09-04",
    "place": "Location Not Specified",
    "topic": "Palestinian-Israeli Conflict",
    "description": "Announcing the awards for the 5th year competition for the reconstruction of destroyed Palestinian villages.",
    "channel": "PalestineLandSociety"
  },
  "metadata": {
    "source_url": "https://www.youtube.com",
    "scraped_at": "2025-11-05T22:40:41.749496",
    "extraction_method": "Playlist Video Page"
  }
}