{
  "video_identification": {
    "video_id": "dJCRgpNHeos",
    "title": "1 Zochrot Fishing Vid 3",
    "full_url": "https://www.youtube.com/shorts/dJCRgpNHeos",
    "content_type": "shorts"
  },
  "basic_info": {
    "duration": "Short Form",
    "channel": "Zochrot",
    "channel_url": "https://www.youtube.com/@Zochrot/shorts"
  },
  "extracted_metadata": {
    "date": "2022-09-14",
    "place": "Palestine",
    "topic": "the Nakba & take part in imagining the future",
    "description": "iReturn: Navigate Palestine, Imagine the Future Zochrot’s new interactive app, iReturn, empowers users to navigate a landscape that was erased in 1948 and reimagine the land as a space of justice. Download it now to learn more about the Nakba & take part in imagining the future. https://www.zochrot.org/ireturn לנווט בפלסטין, לדמיין את העתיד: קבלו את iReturn האפליקציה החדשה של זוכרות מאפשרת למשתמשים לנווט במרחב שנמחק ב-1948 ולדמיין אותו מחדש כמרחב של צדק. הורידו עכשיו כדי ללמוד יותר על הנכבה ולקחת חלק בבניית העתיד. https://www.zochrot.org/ireturn تجوّلوا في فلسطين، تخيلوا_المستقبل: iReturn يمكنك في تطبيق ذاكرات التفاعلي الجديد، iReturn، التنقل في منظر طبيعي تم محوه سنة 48، وإعادة تخيله كحيّز للعدالة. نزلوه الآن لمعرفة المزيد عن النكبة، وشاركوا في تخيل المستقبل. https://www.zochrot.org/ireturn",
    "channel": "Zochrot"
  },
  "metadata": {
    "scraped_at": "2025-11-05T22:11:16.518738"
  }
}