{
  "video_identification": {
    "video_id": "sQAWsCoa7D4",
    "title": "Emergency Webinar: Solidarity Speaks! (No. 8)",
    "href": "/watch?v=sQAWsCoa7D4",
    "full_url": "https://www.youtube.com/watch?v=sQAWsCoa7D4",
    "content_type": "video"
  },
  "basic_info": {
    "date": "254 views",
    "view_count": "254 views",
    "channel": "greenolivetours5614"
  },
  "extracted_metadata": {
    "title": "Emergency Webinar: Solidarity Speaks! (No. 8)",
    "date": "2023-12-07",
    "place": "West Bank",
    "topic": "Protest/Demonstration",
    "description": "We joined together on Wednesday, December 6th of 2023 for Solidarity Speaks, the eighth session of our emergency webinar series giving people around the world a forum to hear directly from Palestinians and Israelis calling for an immediate ceasefire and an end to collective punishment in the West Bank and Gaza Strip. We were joined by Ahmed Helou of Combatants for Peace, a grassroots movement of former Palestinian and Israeli combatants working together to end the occupation through civil resistance, education, and other means of creative nonviolence. Ahmed Helou is a second generation refugee whose great-grandparents left Gaza for Bir-Saba before being displaced to Jericho, and much of his family lives in Gaza now. He is a current resident of Jericho, a former political detainee, a former parliamentary aid in the Palestinian Authority, and worked as an ambulance volunteer with the Palestine Red Crescent during the 1996 clashes in Jerusalem. Since 2013 he has been active in Combatants for Peace promoting a future of collective dignity, freedom, and equality for all. We were honored to speak with him about the events of the last weeks and about the ways the ongoing violence was impacting him, his family, and his community.",
    "channel": "greenolivetours5614"
  },
  "metadata": {
    "source_url": "https://www.youtube.com",
    "scraped_at": "2025-11-05T22:12:14.580600",
    "extraction_method": "Playlist Video Page"
  }
}