{
  "video_identification": {
    "video_id": "lgStaFghpAU",
    "title": "The American Complicity Series: From the President to Congress – The IRS to the State Department",
    "href": "/watch?v=lgStaFghpAU",
    "full_url": "https://www.youtube.com/watch?v=lgStaFghpAU",
    "content_type": "video"
  },
  "basic_info": {
    "date": "447 views",
    "view_count": "447 views",
    "channel": "combatantsforpeace5017"
  },
  "extracted_metadata": {
    "title": "The American Complicity Series: From the President to Congress – The IRS to the State Department",
    "date": "Date Not Available",
    "place": "Location Not Specified",
    "topic": "General Documentation",
    "description": "General Documentation - Location Not Specified",
    "channel": "combatantsforpeace5017"
  },
  "metadata": {
    "source_url": "https://www.youtube.com",
    "scraped_at": "2025-11-05T22:51:44.211342",
    "extraction_method": "Playlist Video Page"
  }
}