{
  "video_identification": {
    "video_id": "8EbH8dTuzt0",
    "title": "Testimony by Nazmiyya al-Kilani - Safed | شهادة نظمية الكيلاني - صفد",
    "href": "/watch?v=8EbH8dTuzt0",
    "full_url": "https://www.youtube.com/watch?v=8EbH8dTuzt0",
    "content_type": "video"
  },
  "basic_info": {
    "date": "8.9K views",
    "view_count": "8.9K views",
    "channel": "Zochrot"
  },
  "extracted_metadata": {
    "title": "Testimony by Nazmiyya al-Kilani - Safed | شهادة نظمية الكيلاني - صفد",
    "date": "2021-02-12",
    "place": "Location Not Specified",
    "topic": "Interview/Testimony",
    "description": "Testimony by Nazmiyya al-Kilani (1926– 2018) Place of birth: Safed Current residence: Acre Place of Interview: Acre Date of interview: June 2016 Interviewer: Raneen Jeires - Zochrot Date of Interview: 2016 Language: Arabic with Hebrew and English subtitles شهادة نظمية الكيلاني (1926– 2018) مكان الولادة: صفد مكان السكن الحالي: عكا مكان المقابله: عكا تاريخ المقابلة: 6.2016 اجرى المقابلة: رنين جريس لغة المقابلة: العربية مع ترجمه للعبرية والانجليزية",
    "channel": "Zochrot"
  },
  "metadata": {
    "source_url": "https://www.youtube.com",
    "scraped_at": "2025-11-05T22:26:15.648418",
    "extraction_method": "Playlist Video Page"
  }
}