{
  "video_identification": {
    "video_id": "SCOd8wkY3iw",
    "title": "Blowing in the Wind - Combatants for Peace Version",
    "href": "/watch?v=SCOd8wkY3iw",
    "full_url": "https://www.youtube.com/watch?v=SCOd8wkY3iw",
    "content_type": "video"
  },
  "basic_info": {
    "date": "751 views",
    "view_count": "751 views",
    "channel": "combatantsforpeace5017"
  },
  "extracted_metadata": {
    "title": "Blowing in the Wind - Combatants for Peace Version",
    "date": "Date Not Available",
    "place": "Location Not Specified",
    "topic": "Blowing",
    "description": "Blowing - Location Not Specified",
    "channel": "combatantsforpeace5017"
  },
  "metadata": {
    "source_url": "https://www.youtube.com",
    "scraped_at": "2025-11-05T22:51:53.359040",
    "extraction_method": "Playlist Video Page"
  }
}