{
  "video_identification": {
    "video_id": "kNxBeKGxYPQ",
    "title": "Join us to build new Palestine",
    "href": "/watch?v=kNxBeKGxYPQ",
    "full_url": "https://www.youtube.com/watch?v=kNxBeKGxYPQ",
    "content_type": "video"
  },
  "basic_info": {
    "date": "56 views",
    "view_count": "56 views",
    "channel": "PalestineLandSociety"
  },
  "extracted_metadata": {
    "title": "Join us to build new Palestine",
    "date": "2019-11-23",
    "place": "Palestine",
    "topic": "Palestinian-Israeli Conflict",
    "description": "Palestine Land Society (PLS), UK, organized an annual competition to redesign these destroyed villages for their reconstruction on the same site. Palestinian architectural students in the final year of study in a recognized institution or university are hereby invited to a very exciting competition to build a peaceful and just Palestine. For more details: plands.org/en/competition",
    "channel": "PalestineLandSociety"
  },
  "metadata": {
    "source_url": "https://www.youtube.com",
    "scraped_at": "2025-11-05T22:40:51.814434",
    "extraction_method": "Playlist Video Page"
  }
}