{
  "video_identification": {
    "video_id": "_A3ENVxiHt0",
    "title": "THE HOSTAGE REFUGEES MUST RETURN HOME",
    "href": "/watch?v=_A3ENVxiHt0",
    "full_url": "https://www.youtube.com/watch?v=_A3ENVxiHt0",
    "content_type": "video"
  },
  "basic_info": {
    "date": "122 views",
    "view_count": "122 views",
    "channel": "PalestineLandSociety"
  },
  "extracted_metadata": {
    "title": "THE HOSTAGE REFUGEES MUST RETURN HOME",
    "date": "2024-12-31",
    "place": "Israel",
    "topic": "Arrest/Detention",
    "description": "THE HOSTAGE REFUGEES MUST RETURN HOME. Here is how? This live documented illustration shows the longest and largest hostages in the world, not yet freed. Today 2.3 million Palestinians are crammed in 1% of Palestine, subject to single, double and triple Genocide in 2023, 2024, still in 2025. They are held hostages for 28,000 days, and counting, after being expelled by Israeli massacres in 1948 from their homes in 247 cities and villages in southern Palestine. They are not allowed to return home since. Instead, Israel continues to annihilate them. Their Right of Return Home is guaranteed by every article in international law.",
    "channel": "PalestineLandSociety"
  },
  "metadata": {
    "source_url": "https://www.youtube.com",
    "scraped_at": "2025-11-05T22:40:33.018971",
    "extraction_method": "Playlist Video Page"
  }
}