{
  "video_identification": {
    "video_id": "gx3fYkwk87k",
    "title": "עדויות של הרס ושיבה באלעראקיב | Records of Destruction and Return in Al-Araqib",
    "href": "/watch?v=gx3fYkwk87k",
    "full_url": "https://www.youtube.com/watch?v=gx3fYkwk87k",
    "content_type": "video"
  },
  "basic_info": {
    "date": "699 views",
    "view_count": "699 views",
    "channel": "Zochrot"
  },
  "extracted_metadata": {
    "title": "עדויות של הרס ושיבה באלעראקיב | Records of Destruction and Return in Al-Araqib",
    "date": "2018-07-26",
    "place": "Goldmiths Univerisity",
    "topic": "General Documentation",
    "description": "אמת קרקעית: עדויות של הרס ושיבה באל-עראקיב | (Forensic Architecture (Goldmiths Univerisity, UK, הועד העממי של אל-עראקיב ועמותת זוכרות הסרט יוצג במסגרת התערוכה ״אמת קרקעית״ בגלריה בנימין בתל אביב 9.8.2018-1.9.2018 Ground Truth, Records of Destruction and Return in Al-Araqib | Forensic Architecture (Goldsmiths University, UK), The popular committee of Al-Araqib and Zochrot The film will be presented in the frame of the exhibition \"Ground Truth\" at Binyamin Gallery, Tel Aviv 9.8.2018-1.9.2018",
    "channel": "Zochrot"
  },
  "metadata": {
    "source_url": "https://www.youtube.com",
    "scraped_at": "2025-11-05T22:26:28.284270",
    "extraction_method": "Playlist Video Page"
  }
}