{
  "video_identification": {
    "video_id": "ZjiTOklIgxY",
    "title": "A talk about the effects of annexation with Combatants for Peace activists Shai and Rafa.",
    "href": "/watch?v=ZjiTOklIgxY",
    "full_url": "https://www.youtube.com/watch?v=ZjiTOklIgxY",
    "content_type": "video"
  },
  "basic_info": {
    "date": "76 views",
    "view_count": "76 views",
    "channel": "combatantsforpeace5017"
  },
  "extracted_metadata": {
    "title": "A talk about the effects of annexation with Combatants for Peace activists Shai and Rafa.",
    "date": "Date Not Available",
    "place": "Location Not Specified",
    "topic": "Activism/Advocacy",
    "description": "Activism/Advocacy - Location Not Specified",
    "channel": "combatantsforpeace5017"
  },
  "metadata": {
    "source_url": "https://www.youtube.com",
    "scraped_at": "2025-11-05T22:51:55.073331",
    "extraction_method": "Playlist Video Page"
  }
}