{
  "video_identification": {
    "video_id": "PfE3yIuPMBg",
    "title": "Resisting the Radical Right: Human Rights Defenders",
    "href": "/watch?v=PfE3yIuPMBg",
    "full_url": "https://www.youtube.com/watch?v=PfE3yIuPMBg",
    "content_type": "video"
  },
  "basic_info": {
    "date": "135 views",
    "view_count": "135 views",
    "channel": "combatantsforpeace5017"
  },
  "extracted_metadata": {
    "title": "Resisting the Radical Right: Human Rights Defenders",
    "date": "Date Not Available",
    "place": "Location Not Specified",
    "topic": "Human Rights",
    "description": "Human Rights - Location Not Specified",
    "channel": "combatantsforpeace5017"
  },
  "metadata": {
    "source_url": "https://www.youtube.com",
    "scraped_at": "2025-11-05T22:51:43.143480",
    "extraction_method": "Playlist Video Page"
  }
}