{
  "video_identification": {
    "video_id": "Zkr8OmH9mJM",
    "title": "Webinar: UNRWA Report from the West Bank with Kamal Yousef and Roland Friedrich!",
    "href": "/watch?v=Zkr8OmH9mJM",
    "full_url": "https://www.youtube.com/watch?v=Zkr8OmH9mJM",
    "content_type": "video"
  },
  "basic_info": {
    "date": "167 views",
    "view_count": "167 views",
    "channel": "greenolivetours5614"
  },
  "extracted_metadata": {
    "title": "Webinar: UNRWA Report from the West Bank with Kamal Yousef and Roland Friedrich!",
    "date": "2025-05-19",
    "place": "West Bank",
    "topic": "Separation Wall/Barrier",
    "description": "In January 2025 the Israeli military launched Operation Iron Wall, its largest military offensive in the West Bank since the Second Intifada. The Jenin, Tulkarm, Nur Shams, and El Far'a refugee camps were largely depopulated and 40,000 residents were forcibly displaced in the months after. We were honored to join with UNRWA Director of West Bank Affairs Roland Friedrich and resident of Nur Shams Kamal Yousef to hear firsthand about the ongoing humanitarian catastrophe, the lived reality of community residents, the systematic destruction of infrastructure, and the imperative of an immediate political solution. This recording of the webinar is free and open to the public, but you can become a member of the Green Olive Collective at the following link to sustain our work to challenge the violence of occupation and advocate for a democratic future: https://members.greenolivecollective....",
    "channel": "greenolivetours5614"
  },
  "metadata": {
    "source_url": "https://www.youtube.com",
    "scraped_at": "2025-11-05T22:12:10.360277",
    "extraction_method": "Playlist Video Page"
  }
}