{
  "video_identification": {
    "video_id": "5eA3c3_9pKU",
    "title": "Anton Goodman from Rabbis for Human Rights discusses Planting Justice on Radio Kan (English)",
    "href": "/watch?v=5eA3c3_9pKU",
    "full_url": "https://www.youtube.com/watch?v=5eA3c3_9pKU",
    "content_type": "video"
  },
  "basic_info": {
    "date": "125 views",
    "view_count": "125 views",
    "channel": "rabbisforhumanrights4516"
  },
  "extracted_metadata": {
    "title": "Anton Goodman from Rabbis for Human Rights discusses Planting Justice on Radio Kan (English)",
    "date": "2025-02-19",
    "place": "Rabbis",
    "topic": "Protest/Demonstration",
    "description": "Planting trees for justice with Rabbis for Human Rights! From December 27th to March 7th, we will go out every Friday to plant trees with Palestinian communities in the occupied territories and the Negev. After the extensive damage the communities suffered during the war, we will come to support, strengthen and plant trees. To donate a tree: tree-rhr.org",
    "channel": "rabbisforhumanrights4516"
  },
  "metadata": {
    "source_url": "https://www.youtube.com",
    "scraped_at": "2025-11-05T22:22:16.004616",
    "extraction_method": "Playlist Video Page"
  }
}