{
  "video_identification": {
    "video_id": "EsxK3DWhVtQ",
    "title": "Return isn't the end of Jewish existence | השיבה אינה סוף הקיום היהודי, אלא הזדמנות",
    "href": "/watch?v=EsxK3DWhVtQ",
    "full_url": "https://www.youtube.com/watch?v=EsxK3DWhVtQ",
    "content_type": "video"
  },
  "basic_info": {
    "date": "559 views",
    "view_count": "559 views",
    "channel": "Zochrot"
  },
  "extracted_metadata": {
    "title": "Return isn't the end of Jewish existence | השיבה אינה סוף הקיום היהודי, אלא הזדמנות",
    "date": "2018-09-10",
    "place": "Location Not Specified",
    "topic": "Interview/Testimony",
    "description": "\"השיח הישראלי נע סביב נקודת הזמן של 67', ושוכח את המקום שתופשת בתודעה הפלסטינית 48', בתור נקודת זמן אולי מרכזית הרבה יותר\". ראיון עם אבי-רם צורף, חבר במועצת השיבה - קבוצת יהודים-ישראלים שתומכים בשיבה ופועלים להעלות מודעות לנושא בקרב הציבור היהודי בישראל. \"The Israeli discourse revolves around the time point of 1967, and forgets the place that 1948 occupies in the Palestinian consciousness, as perhaps a more central time point.\" An interview with Avi-Ram Tzoref, a member of the Council of Return, a group of Israeli Jews who support return and are working to raise awareness of this issue among the Israeli Jewish public.",
    "channel": "Zochrot"
  },
  "metadata": {
    "source_url": "https://www.youtube.com",
    "scraped_at": "2025-11-05T22:26:24.711995",
    "extraction_method": "Playlist Video Page"
  }
}