{
  "video_identification": {
    "video_id": "2OpAmCVQmbA",
    "title": "طقس اعتذار وجولة في قرية لوبية المهجرة | Public Apology in the Palestinian Village of Lubya",
    "href": "/watch?v=2OpAmCVQmbA",
    "full_url": "https://www.youtube.com/watch?v=2OpAmCVQmbA",
    "content_type": "video"
  },
  "basic_info": {
    "date": "546 views",
    "view_count": "546 views",
    "channel": "Zochrot"
  },
  "extracted_metadata": {
    "title": "طقس اعتذار وجولة في قرية لوبية المهجرة | Public Apology in the Palestinian Village of Lubya",
    "date": "2018-09-12",
    "place": "Israel",
    "topic": "Protest/Demonstration",
    "description": "بمبادرة من مجموعة ناشطين/ات يهود من جنوب أفريقيا أعضاء في حركة \"أوقفوا الصندوق القومي اليهودي – جنوب إفريقيا\" عقد يوم الجمعة 1.5.2015 طقس مؤثر بين أطلال قرية لوبية المهجرة في الجليل الأسفل، حيث سُجّلت فيه سابقة اعتذار تقدّمت به مجموعة من يهود جنوب أفريقيا أمام لاجئين ومهجّرين فلسطينيين من لوبية بسبب تبرعهم بأموال إلى الصندوق القومي اليهودي (كيرن كييمت) الذي زرع على أنقاض قريتهم غابة أسماها غابة جنوب أفريقيا وبذلك ساهموا في الاستيلاء على أراضي لوبية ومنع عودة أهلها الذي هجّروا منها عام 1948. في هذا الحدث الذي نظّم بالتعاون بين \"زوخروت\" و\"جمعية الدفاع عن حقوق المهجّرين في الداخل\" ومجموعة \"أوقفوا الصندوق القومي اليهودي-جنوب أفريقيا\" شارك أكثر من 200 شخص. سبقت مراسم الاعتذار جولة في أنحاء لوبية وبين أنقاضها شملت شرحًا عن حياة السكان قبل النكبة، وكيفية تهجيرهم عام 1948، وتوزيع الكتيب ثلاثي اللغة \"ذاكرات لوبية\" الذي أصدر خصيصًا لهذه المناسبة، وغرس لافتات بأسماء المرافق المركزية في لوبية والتي هدمتها دولة إسرائيل مثل المدرسة والمسجد وعين الماء، والمقبرة التي ما زالت موجودة. وقد تضمن الطقس كلمات ألقاها نايف حجو المندوب عن مهجري لوبية وواكيم واكيم رئيس جمعية الدفاع عن حقوق المهجرين وعمياه جليلي عن زوخروت، بالإضافة مندوبين عن مجموعة جنوب أفريقيا الذين وصفوا للجمهور مسيرتهم منذ معرفة الحقيقة وزيارة الموقع قبل سنوات وتصوير فيلم ونشر الموضوع حتى اتخاذ القرار بالاعتذار وتنظيم هذا الحدث الرائع. وفي النهاية سلّم أعضاء المجموعة الجنوب أفريقية وثائق الاعتذار الرسمية الموقّعة من قبل 200 شخص يهودي من جنوب أفريقيا إلى مندوبي اللاجئين في الشتات والمهجرين في الداخل من لوبية. התנצלות פומבית בכפר הפלסטיני לוּבּיאיוזמתה של קבוצת פעילים/ות יהודים/ות מדרום אפריקה החברים בתנועת \"עצרו את קק\"ל-דרום אפריקה.” Public Apology in the Palestinian Village of Lubya Following an Following an initiative by a group of Jewish activists from South Africa, members of the StopTheJNF movement, an unprecedented apology ceremony was held on May 1 among the ruins of the Palestinian village of Lubya in the Galilee. The South Africans apologized to refugees and internally displaced persons from the village for having donated money to the Jewish National Fund, used to plant the so-called South Africa Forest on the rubbles of Lubya, a forest which was part of the Zionist practice of denying the return of Palestinian refugees. The moving event, attended by more than 200 people, was co-organized by Zochrot, the Association for the Defense of the Rights of the Internally Displaced (ADRID) and StopTheJNF-South Africa. It was preceded by a guided tour of the village ruins, that included descriptions of life in the prosperous pre-1948 village, the circumstances of its occupation and the expulsion of its inhabitants, testimonies by internally displaced persons, the distribution of a trilingual booklet about the village and the apology initiative, and last but not least – placing signs to mark key village sites erased by the State of Israel in the aftermath of the war, such as the local school, cemetery, mosque, and spring. The ceremony included speeches by a representative of Lubya’s displaced persons, ADRID chairperson and a Zochrot representative. They all praised the initiative and called for similar events in other villages as part of the overall process of acknowledgement and realization of the right of return by Palestinian refugees and those still displaced within Israel. The South African representatives described their journey to this point, sang a song of resistance in Xhosa and English from the time of their resistance to apartheid, read out the formal apology to the village family representatives and the public, and eventually submitted 200 apology and solidarity pledges personally signed by members of the group. 1.5.2015",
    "channel": "Zochrot"
  },
  "metadata": {
    "source_url": "https://www.youtube.com",
    "scraped_at": "2025-11-05T22:26:23.659078",
    "extraction_method": "Playlist Video Page"
  }
}