{
  "video_identification": {
    "video_id": "qEJlGTVQ19A",
    "title": "i24 news - Report about the 48mm Film Festival - December 2018",
    "href": "/watch?v=qEJlGTVQ19A&pp=0gcJCQMKAYcqIYzv",
    "full_url": "https://www.youtube.com/watch?v=qEJlGTVQ19A&pp=0gcJCQMKAYcqIYzv",
    "content_type": "video"
  },
  "basic_info": {
    "date": "57 views",
    "view_count": "57 views",
    "channel": "Zochrot"
  },
  "extracted_metadata": {
    "title": "i24 news - Report about the 48mm Film Festival - December 2018",
    "date": "2019-01-07",
    "place": "Location Not Specified",
    "topic": "Documentary/Investigation",
    "description": "i24 news - Report about the 48mm Film Festival - December 2018 3Likes57Views2019Jan 7 …",
    "channel": "Zochrot"
  },
  "metadata": {
    "source_url": "https://www.youtube.com",
    "scraped_at": "2025-11-05T22:26:21.541300",
    "extraction_method": "Playlist Video Page"
  }
}