{
  "video_identification": {
    "video_id": "gxw1GakXamA",
    "title": "Bridging Memory film \\ فيلم جسر الذاكرة \\ סרט זיכרון מגשר (English subtitles)",
    "href": "/watch?v=gxw1GakXamA",
    "full_url": "https://www.youtube.com/watch?v=gxw1GakXamA",
    "content_type": "video"
  },
  "basic_info": {
    "date": "552 views",
    "view_count": "552 views",
    "channel": "Zochrot"
  },
  "extracted_metadata": {
    "title": "Bridging Memory film \\ فيلم جسر الذاكرة \\ סרט זיכרון מגשר (English subtitles)",
    "date": "2015-11-26",
    "place": "Ras al",
    "topic": "Refugees/Displacement",
    "description": "אלראס אלאחאמר, כפר פלסטיני בגליל העליון שנכבש ב 1948 וכל תושביו גורשו ללבנון. על אדמות ושרידי הכפר הוקם המושב הישראלי כרם בן זמרה. הסרט \"זיכרון מגשר\" מביא את סיפוריהם וזיכרונותיהם של חמישה פליטים שחיים כיום במחנות פליטים בלבנון. למידע עם רפוייקט זיכרון מגשר http://zochrot.org/he/activity/50623 הפקה: עמותת זוכרות 2008 שפה: ערבית עם כתוביות בעברית ואנגלית לסרטון עם תרגום לעברית • Bridging Memory film \\ فيلم جسر الذاكرة \\... الرأس الأحمر، هي قرية فلسطينية في الجليل الإعلى، تم احتلالها عام 1948 وتهجير جميع سكانها الى لبنان. على انقاض القرية اقيمت مستوطنه يهودية بإسم كيريم بن زمرا. فلم \"جسر الذاكرة\" يروي حكاية القرية على لسان خمسة من سكانها الذين يقطون اليوم في مخيمات للاجئين في لبنان. إنتاج: جمعية زوخروت (ذاكرات) اللغة: العربية مع ترجمة الى العبرية والإنجليزية لرابط الفلم مع ترجمة للغة العبرية • Bridging Memory film \\ فيلم جسر الذاكرة \\... \"Bridging Memory\" tells the stories and memories of five refugees from Ras al-Ahmar who live today in refugee camps in Lebanon. Produced by Zohcrot Arabic with Hebrew and English subtitles To the link with Hebrew subtitles • Bridging Memory film \\ فيلم جسر الذاكرة \\... for more information about the project http://zochrot.org/en/press/56165 www.zochrot.org",
    "channel": "Zochrot"
  },
  "metadata": {
    "source_url": "https://www.youtube.com",
    "scraped_at": "2025-11-05T22:26:58.563089",
    "extraction_method": "Playlist Video Page"
  }
}