{
  "video_identification": {
    "video_id": "lRn2qAN6QqE",
    "title": "A Space Exodus by Larissa Sansour - trailer",
    "href": "/watch?v=lRn2qAN6QqE",
    "full_url": "https://www.youtube.com/watch?v=lRn2qAN6QqE",
    "content_type": "video"
  },
  "basic_info": {
    "date": "690 views",
    "view_count": "690 views",
    "channel": "Zochrot"
  },
  "extracted_metadata": {
    "title": "A Space Exodus by Larissa Sansour - trailer",
    "date": "2019-11-21",
    "place": "Palestine",
    "topic": "Palestinian-Israeli Conflict",
    "description": "48mm Film Festival | פסטיבל הסרטים 48מ\"מ | مهرجان الأفلام 48 ملم http://tiny.cc/48mm A Space Exodus Director: Larissa Sansour Palestine | 2009 | 6 min A Space Exodus quirkily sets an adapted stretch of Stanley Kubrick's Space Odyssey in a Middle Eastern political context. The film follows the artist herself in a phantasmagoric journey through the universe, echoing Kubrick's thematic concerns for human evolution, progress, and technology. In her film, however, Sansour posits the idea of the first Palestinian in space, and, paraphrasing Armstrong's moon landing, she interprets this fictional gesture as \"one small step for a Palestinian, one giant leap for mankind\". The film offers a naively optimistic vision for a future that contrasts sharply with the forces currently eating away at the very feasibility of a Palestinian state. אקסודוס בחלל בימוי: לריסה סנסור פלסטין | 2009 | 6 דקות \"אקסודוס בחלל\" משתעשע בעיבוד מחודש של קטעים מתוך \"אודיסיאה בחלל\" להקשר הפוליטי המקומי. הסרט עוקב אחר היוצרת עצמה במסעה ההזוי במרחבי היקום, המהדהד את הדגשים התמאטיים של סטנלי קובריק על האבולוציה האנושית, הקדמה והטכנולוגיה. אולם סנסור מעלה בסרטה את הרעיון של הפלסטינית הראשונה בחלל, ובפרפראזה על המשפט הידוע של ארמסטרונג עם נחיתתו על הירח, היא מפרשת את המחווה הבדיונית הזו כ\"צעד קטן לפלסטינית, צעד גדול לאנושות\". הסרט פורס בפנינו חזון נאיבי ואופטימי של עתיד פלסטיני המנוגד בתכלית לכוחות הנוגסים בימים אלה במדינה פלסטינית ומכלים את עצם היתכנותה. هجرة إلى الفضاء إخراج: لاريسا صنصور فلسطين | 2006 | 6 دقيقة \"هجرة إلى الفضاء\" هو معالجة فريدة لمقاطع من \"ملحمة الفضاء\" لتتلاءم مع السياق السياسيّ المحليّ. يتتبّع الفيلم خطى صانعة الفيلم في رحلتها الغريبة في فضاءات الكون الذي يردّد أصداء الموضوعات الرئيسيّة التي تناولها ستانلي كوبريك بخصوص تطوّر الإنسان، التقدّم والتكنولوجيا. ولكن صنصور تطرح في فيلمها فكرة الفلسطينيّة الأولى التي تصل إلى الفضاء، ومن خلال إعادة صياغة التعبير المشهور لآرمسترونچ عند هبوطه على سطح القمر، تفسّر هذه البادرة المتخيّلة على أنّها \"خطوة صغيرة للفلسطينيّة، خطوة كبيرة للبشرية\". يعرض الفيلم أمامنا رؤية ساذجة ومتفائلة للمستقبل الفلسطينيّ المناقض جوهريًا للقوى التي تنهش في جسم الدولة الفلسطينيّة وتلغي احتمال قيامها.",
    "channel": "Zochrot"
  },
  "metadata": {
    "source_url": "https://www.youtube.com",
    "scraped_at": "2025-11-05T22:26:20.040223",
    "extraction_method": "Playlist Video Page"
  }
}