{
  "video_identification": {
    "video_id": "-_fkMLxhNgE",
    "title": "HOMELAND INSECURITY - Part 1 - Jaffa & Tel Aviv Revealed",
    "href": "/watch?v=-_fkMLxhNgE",
    "full_url": "https://www.youtube.com/watch?v=-_fkMLxhNgE",
    "content_type": "video"
  },
  "basic_info": {
    "date": "3.4K views",
    "view_count": "3.4K views",
    "channel": "greenolivetours5614"
  },
  "extracted_metadata": {
    "title": "HOMELAND INSECURITY - Part 1 - Jaffa & Tel Aviv Revealed",
    "date": "2020-03-29",
    "place": "Location Not Specified",
    "topic": "HOMELAND",
    "description": "An exploration of the history and political geography of the world's oldest port - with local expert and tour guide, Yahav Zohar. Your support is appreciated at: http://contribute.greenolivetours.com",
    "channel": "greenolivetours5614"
  },
  "metadata": {
    "source_url": "https://www.youtube.com",
    "scraped_at": "2025-11-05T22:12:33.963138",
    "extraction_method": "Playlist Video Page"
  }
}