{
  "video_identification": {
    "video_id": "ax5XHKgUoq0",
    "title": "Return Conference \\ Panel: Transitional Justice in Israel-Palestine \\ English Dubbing",
    "href": "/watch?v=ax5XHKgUoq0",
    "full_url": "https://www.youtube.com/watch?v=ax5XHKgUoq0",
    "content_type": "video"
  },
  "basic_info": {
    "date": "343 views",
    "view_count": "343 views",
    "channel": "Zochrot"
  },
  "extracted_metadata": {
    "title": "Return Conference \\ Panel: Transitional Justice in Israel-Palestine \\ English Dubbing",
    "date": "2014-06-12",
    "place": "Israel",
    "topic": "Refugees/Displacement",
    "description": "***From Truth to Redress: Realizing the Return of Palestinian Refugees International Conference in Tel Aviv, September 29-30 2013*** Panel: Transitional Justice in Israel-Palestine: Return as an Act of Justice Chair: Leila Hilal - Director, Middle East Task Force, New America Foundation. The Right to Refuse: Abject Theory and the Return of Palestinian Refugees / Prof. Dan Rabinowitz - Tel-Aviv University. Reconciliation in Peace Agreements: The Geneva Initiative as a Test Case / Yoav Kapshuk -- PhD Candidate, Tel-Aviv University. Transitional Justice in Serbia: False Reconciliation / Marijana Toma - Humanitarian Law Center (HLC), Serbia. Forced displacement in the Palestinian-Israeli Conflict, International Law and Potential Remedies / Munir Nuseibah -- PhD, University of Westminster in London, Director at Al-Quds Human Rights Clinic. *** To watch the panel in Hebrew: • כנס השיבה / זוכרות / פאנל: צדק מעברי בישרא... To watch the panel in Arabic: • مؤتمر العودة / ذاكرات - جلسة: العدالة الان... To watch the panel in Original Languages: https://www.youtube.com/edit?o=U&vide... *** Zochrot Website: http://zochrot.org/en Like us on Facebook: / zochrot",
    "channel": "Zochrot"
  },
  "metadata": {
    "source_url": "https://www.youtube.com",
    "scraped_at": "2025-11-05T22:27:19.601709",
    "extraction_method": "Playlist Video Page"
  }
}