{
  "video_identification": {
    "video_id": "Hvee6U-uLr8",
    "title": "The Great March of Return Demonstrations #gaza #freepalestine",
    "full_url": "https://www.youtube.com/shorts/Hvee6U-uLr8",
    "content_type": "shorts"
  },
  "basic_info": {
    "duration": "Short Form",
    "channel": "Zochrot",
    "channel_url": "https://www.youtube.com/@Zochrot/shorts"
  },
  "extracted_metadata": {
    "date": "2025-08-10",
    "place": "Gaza Strip",
    "topic": "Protest/Demonstration",
    "description": "The Great March of Return Demonstrations that were held weekly in #Gaza during 2018-2019 are one of the many efforts Palestinians have been making to pursue their right of return. Listen to Dr. Yaara Bengar Alaluf in the new episode of our podcast in Hebrew that tells the story of Gaza through the lens of #nakba #exile and #return …...more ...more Show less",
    "channel": "Zochrot"
  },
  "metadata": {
    "scraped_at": "2025-11-05T22:11:16.517749"
  }
}