{
  "video_identification": {
    "video_id": "MJOIvGBO-mc",
    "title": "Conference\\ Panel: The Implications of Return for Zionist Ideology and Practice \\ English Dubbing",
    "href": "/watch?v=MJOIvGBO-mc",
    "full_url": "https://www.youtube.com/watch?v=MJOIvGBO-mc",
    "content_type": "video"
  },
  "basic_info": {
    "date": "230 views",
    "view_count": "230 views",
    "channel": "Zochrot"
  },
  "extracted_metadata": {
    "title": "Conference\\ Panel: The Implications of Return for Zionist Ideology and Practice \\ English Dubbing",
    "date": "2016-05-24",
    "place": "Monash University and Visiting Scholar at Tel Aviv University",
    "topic": "Refugees/Displacement",
    "description": "How to say 'Awda in Hebrew? The 3rd International Conference on the Return of Palestinian Refugees From: 21-22/03/2016 *Cracks in Zionism? The Implications of Return for Zionist Ideology and Practice* Chair: Elisha Baskin – Archival researcher and Zochrot activist Bi-Nationalism in a Nation-State? The Demand for Refugee Return and Criticism of the Nation State in the Writings of Rabbi Binyamin in the Journal \"Ner\" / Avi-ram Tzoreff – Doctoral student of Jewish history, Ben-Gurion University of the Negev Embracing the Fear: Jewishness That Celebrates Cultural Autonomy Instead of Territorial Sovereignty / Jewdas – Radical voices for the alternative diaspora: Nimrod Evron & Tali Janner-Klausner From Banning the Nakba to Bridging Narrative: Law and Collective Memory of 1948 / Jeremie Bracka - Australian/Israeli human rights lawyer, PhD Candidate at Monash University and Visiting Scholar at Tel Aviv University -The key for living together: To each his share / Shuli Dichter – The author of On Tensions and Good Intentions To watch the panel in Arabic: • مؤتمر العودة الثالث \\ تصدّعات في الصهيونية... To watch the panel in Hebrew: • כנס השיבה / סדקים בציונות? השלכות השיבה על... To watch the panel in English: • Conference\\ Panel: The Implications of Ret... To watch the panel in the original languages: • Conference\\ Panel: The Implications of Ret... *** about the conference: http://www.zochrot.org/en/event/56261 Like us on Facebook: / zochrot",
    "channel": "Zochrot"
  },
  "metadata": {
    "source_url": "https://www.youtube.com",
    "scraped_at": "2025-11-05T22:26:48.557237",
    "extraction_method": "Playlist Video Page"
  }
}