{
  "video_identification": {
    "video_id": "fclxBQMXQNI",
    "title": "Conference\\ Panel: Conclusion: Return - from the margins to the mainstream \\ English Dubbing",
    "href": "/watch?v=fclxBQMXQNI",
    "full_url": "https://www.youtube.com/watch?v=fclxBQMXQNI",
    "content_type": "video"
  },
  "basic_info": {
    "date": "105 views",
    "view_count": "105 views",
    "channel": "Zochrot"
  },
  "extracted_metadata": {
    "title": "Conference\\ Panel: Conclusion: Return - from the margins to the mainstream \\ English Dubbing",
    "date": "2016-05-26",
    "place": "Hebrew",
    "topic": "Refugees/Displacement",
    "description": "How to say 'Awda in Hebrew? The 3rd International Conference on the Return of Palestinian Refugees From: 21-22/03/2016 *Concluding discussion with the audience: Return - from the margins to the mainstream* Chair: Umar al-Ghubari– Coordinator of Space for Return, Zochrot To watch the panel in Arabic: • مؤتمر العودة الثالث \\ الجلسة التلخيصية: ال... To watch the panel in Hebrew: • כנס השיבה / פאנל: דיון מסכם: השיבה – מהשול... To watch the panel in English: • Conference\\ Panel: Conclusion: Return - fr... To watch the panel in the original languages: • Conference\\ Panel: Conclusion: Return - fr... *** about the conference: http://www.zochrot.org/en/event/56261 Like us on Facebook: / zochrot",
    "channel": "Zochrot"
  },
  "metadata": {
    "source_url": "https://www.youtube.com",
    "scraped_at": "2025-11-05T22:26:47.691094",
    "extraction_method": "Playlist Video Page"
  }
}