{
  "video_identification": {
    "video_id": "BCMqch5X-VA",
    "title": "יום השנה ה- 76 לטבח דיר יאסין, אירוע וירטואלי | The 76th anniversary of the Dayr Yasin massacre",
    "href": "/watch?v=BCMqch5X-VA",
    "full_url": "https://www.youtube.com/watch?v=BCMqch5X-VA",
    "content_type": "video"
  },
  "basic_info": {
    "date": "164 views",
    "view_count": "164 views",
    "channel": "Zochrot"
  },
  "extracted_metadata": {
    "title": "יום השנה ה- 76 לטבח דיר יאסין, אירוע וירטואלי | The 76th anniversary of the Dayr Yasin massacre",
    "date": "2024-04-11",
    "place": "Location Not Specified",
    "topic": "General Documentation",
    "description": "7 באפריל 2024 שעה 20:00 לפי שעון דיר יאסין דרך זום- לחשוף את עוולות העבר, להיאבק בפשעי ההווה ולפעול למען עתיד אחר לרגל יום השנה ה- 76 לטבח דיר יאסין, לכיבוש הכפר וגירוש תושביו, קיימנו אירוע זיכרון וירטואלי. בכל שנה מקיימת זוכרות סיור זיכרון בשטח דיר יאסין, שרוב בתיו נהרסו על ידי מדינת ישראל ובמקומם נבנתה שכונה יהודית, היא שכונת הר נוף, והורחבו שכונות נוספות כמו שכונת גבעת שאול. השנה, בצל ההתקפה הרצחנית על עזה והאוירה העוינת ברחוב הישראלי, לא ניתן להיפגש פיסית בשטח הכפר ולקיים סיור. בשל כך, הסיור התקיים הפעם במרחב הוירטואלי. אנחנו בזוכרות מאמינות שיש להמשיך את המסורת בציון הנכבה הפלסטינית, ובתוך כך את טקס הזיכרון לטבח דיר יאסין, למרות התנאים שמגבילים קיום פעילות בשטח, להמשיך בהנגשת המידע על פשעי הנכבה ולקרוא לעשיית צדק כלפי העם הפלסטיני, צדק שמתבסס על הכרה בנכבה, תיקון העוולות ויישום זכות השיבה של הפליטים הפלסטינים. הדיווחים על הזוועות שמבצעת ישראל בעזה, הרג המוני, מחיקת שכונות מעל פני האדמה, עקירת אזרחים, השפלה קולקטיבית ואישית, רמיסת זכויות האדם והשמדת המרחב הקיומי הפלסטיני, מעידים שהנכבה מתמשכת גם בימים אלה, מול העיניים שלנו. נוכח מדיניות זאת, שבגללה ישראל נתבעת מול בית הדין הבינלאומי על ביצוע רצח עם ופשעי מלחמה, יש להמשיך, בהתמדה ובנחישות, להיאבק ולחשוף את האמת והעוול המתמשך מאז 1948. במפגש הוירטואלי ביום ראשון ה- 7 באפריל 2024, סיפרנו על ההיסטוריה של דיר יאסין שהותקף ב- 9 באפריל 1948, הסברנו על הכיבוש, הטבח והגירוש, והצגנו מפות ותמונות. תיארנו את המצב הנוכחי וראינו חלק משרידי הכפר, בתים פרטיים, בית ספר ובית קברות. סיפרנו שבמרכז דיר יאסין, בתוך בתי הפלסטינים שעודם עומדים במקום, הקימה ממשלת ישראל בית החולים לבריאות הנפש \"כפר שאול\". האירוע התקיים בעברית עם תרגום סימולטני לאנגלית. לצפיה עם התרגום לאנגלית • The 76th anniversary of the Dayr Yasin mas...",
    "channel": "Zochrot"
  },
  "metadata": {
    "source_url": "https://www.youtube.com",
    "scraped_at": "2025-11-05T22:26:09.469523",
    "extraction_method": "Playlist Video Page"
  }
}