{
  "video_identification": {
    "video_id": "u4jD3XAshrs",
    "title": "48 פסטיבל הסרטים הבינלאומי 48 מ\"מ/ 48mm International Film Festival - Trailer / 2015",
    "href": "/watch?v=u4jD3XAshrs",
    "full_url": "https://www.youtube.com/watch?v=u4jD3XAshrs",
    "content_type": "video"
  },
  "basic_info": {
    "date": "162 views",
    "view_count": "162 views",
    "channel": "Zochrot"
  },
  "extracted_metadata": {
    "title": "48 פסטיבל הסרטים הבינלאומי 48 מ\"מ/ 48mm International Film Festival - Trailer / 2015",
    "date": "2015-11-17",
    "place": "Israel",
    "topic": "Arrest/Detention",
    "description": "בתאריכים 4-6 בדצמבר, 2015, מתקיים בפעם השלישית פסטיבל הסרטים הבינלאומי 48 מ\"מ, במהלכו מוקרנים סרטים העוסקים בנכבה הפלסטינית ובשיבת הפליטים. לצד בכורות והקרנות מיוחדות של סרטים מהארץ והעולם, יוקרנו סרטים קצרים חדשים ומקוריים שהופקו במיוחד לרגל האירוע על ידי יוצרות ויוצרים פלסטינים וישראלים, העוסקים בהתמודדות עם העבר ובחיפוש אחר פתרון פוליטי ואנושי לעוולות ולסבל המתמשכים. פסטיבל הקולנוע 48 מ״מ, מיסודה של עמותת זוכרות, מתקיים סביב תאריך כ\"ט בנובמבר, המציין את החלטת האו\"ם על תכנית החלוקה בשנת 1947. תכנית זו קיבעה את ההפרדה בין יהודים לפלסטינים בארץ, ומהווה צומת מרכזי בסכסוך המתמשך ובהפיכתם של מאות אלפי פלסטינים לפליטים. הפסטיבל שואף לאתגר את תפיסת החלוקה הזאת בדרכים יצירתיות, ולהציע חלופות לקיום אזרחי צודק ושוויוני של כל תושבי הארץ ופליטיה. לתכנית המלאה: http://zochrot.org/he/event/56248 On December 4-6, the third international 48mm Film Festival will be held, featuring films about the Palestinian Nakba and the return of refugees. Together with premieres and special screenings of films from both Israel/Palestine and worldwide, the festival will include new and original films produced especially for the event by Palestinian and Israeli filmmakers on coping with the painful past and searching for a political and human solution to ongoing wrongs and suffering. The 48mm Film Festival, held by Zochrot, traditionally takes place around November 29, marking the anniversary of the 1947 UN Resolution on the Partition of Palestine. The Partition Plan entrenched the idea of partition and separation between Jews and Arabs in historical Palestine and was – and still is – a key milestone in the ongoing conflict and the uprooting of hundreds of thousands, who have by now become millions of Palestinian refugees. The festival seeks to creatively challenge the partition concept and suggest new pathways for just and equitable life for all the present inhabitants and refugees of this country. Full programme: http://zochrot.org/en/event/56248 في الفترة ما بين 4-6 كانون الأول، 2015، سيُقام للمرة الثالثة مهرجان الأفلام الدولي 48 ملم، وستُعرض خلاله أفلام حول النكبة الفلسطينية وعودة اللاجئين. إلى جانب العروض الحصرية والخاصة لأفلام محلية وعالمية، ستُعرض أفلام قصيرة جديدة وأصليّة أنتجت خصيصًا لمناسبة المهرجان على يد مخرجين ومخرجات فلسطينيين وإسرائيليين، وتُعنى بمواجهة الماضي والبحث عن الحل السياسي والإنساني للظلم والمعاناة الدائمين. يُقام المهرجان السينمائي 48 ملم، من تأسيس جمعية ذاكرات، على مقربة من تاريخ 29 تشرين الثاني، والذي يشير إلى قرار تقسيم فلسطين الصادر عن الأمم المتحدة عام 1947. عززّت هذه الخطة الفصل بين اليهود والفلسطينيين في البلاد، كما وشكّلت تقاطع طرق مركزي في الصراع المستمر وفي تحويل مئات آلاف الفلسطينيين إلى لاجئين. يصبو المهرجان نحو تحدي مفهوم هذا التقسيم بطرق إبداعية، واقتراح بدائل بهدف الوجود المدني المنصف لجميع سكان البلاد ولاجئيها. لبرنامج المهرجان http://zochrot.org/ar/event/56248",
    "channel": "Zochrot"
  },
  "metadata": {
    "source_url": "https://www.youtube.com",
    "scraped_at": "2025-11-05T22:27:00.419729",
    "extraction_method": "Playlist Video Page"
  }
}