{
  "video_identification": {
    "video_id": "INPY0pwHV-8",
    "title": "Q & A with Nidal Badarny, director of Waiting for Faraj Allah",
    "href": "/watch?v=INPY0pwHV-8",
    "full_url": "https://www.youtube.com/watch?v=INPY0pwHV-8",
    "content_type": "video"
  },
  "basic_info": {
    "date": "190 views",
    "view_count": "190 views",
    "channel": "Zochrot"
  },
  "extracted_metadata": {
    "title": "Q & A with Nidal Badarny, director of Waiting for Faraj Allah",
    "date": "2020-01-30",
    "place": "Palestine",
    "topic": "Protest/Demonstration",
    "description": "שיחה עם נידאל בדארנה לאחר הקרנה של \"מחכים לפרג' אללה מנחה : נטשה דודינסקי פסטיבל הסרטים 48מ\"מ 2019 http://tiny.cc/48mm \"מחכים לפרג' אללה\" בימוי: נידאל בדארנה פלסטין | 55 דק' | 2019 | ערבית עם כתוביות בעברית ואנגלית הסרט לוקח אותנו אל מאחורי הקלעים של הפקת מחזה: \"מחכים לגודו\" לסמואל בקט, בכיכוב להקה של פלסטינים צעירים. אחד אחר השני, אנו מתוודעים למגוון טיפוסים: הבמאי, השחקנים ואנשים אחרים מן השורה. ככל שאנחנו מעמיקים לחקור את חייהם, חושף הסרט את קווי הדמיון המדהימים בין נושאי המחזה וסיפורי חייהם. כולם מחכים למשהו: להיתר בנייה, לשיפור בתנאי העבודה, לתפקיד מוביל בסרט. בשעה שהם מחכים לפרג' אללה (\"סוף טוב מידי שמיים\"), כמו ב\"מחכים לגודו\", הגיבורים שלנו ממתינים למשהו שעשוי להתרחש, או שלא. Q&A with Nidal Badarny after the screening of \"Waiting for Faraj Allah\" Moderator: Natasha Dudinski 48mm Film Festival 2019 http://tiny.cc/48mm Waiting for Faraj Allah Director: Nidal Badarny Palestine | 55 min | 2019 | Arabic with Heb & En subs We are taken behind the scenes of a play in the making: Samuel Beckett's Waiting for Godot, starring a group of young Palestinians. One by one, we are introduced to a variety of characters: director, actors, and other ordinary people. As we delve deeper into their lives, the film reveals the startling parallels between the themes of the play and their own. Everyone is waiting for something: a permit to build a house, better work conditions, a starring role in a film. While waiting for Faraj Allah (a given name that literally means \"divine happy end\"), as in Waiting for Godot, our heroes await something that may or may not come.",
    "channel": "Zochrot"
  },
  "metadata": {
    "source_url": "https://www.youtube.com",
    "scraped_at": "2025-11-05T22:26:19.001600",
    "extraction_method": "Playlist Video Page"
  }
}