{
  "video_identification": {
    "video_id": "-OE4FfE9XaU",
    "title": "لاجئون من قرية بيت نبالا يعودون لقريتهم \\ Refugees visiting their village Bayt Nabala",
    "href": "/watch?v=-OE4FfE9XaU",
    "full_url": "https://www.youtube.com/watch?v=-OE4FfE9XaU",
    "content_type": "video"
  },
  "basic_info": {
    "date": "4.3K views",
    "view_count": "4.3K views",
    "channel": "Zochrot"
  },
  "extracted_metadata": {
    "title": "لاجئون من قرية بيت نبالا يعودون لقريتهم \\ Refugees visiting their village Bayt Nabala",
    "date": "2017-01-10",
    "place": "Location Not Specified",
    "topic": "Refugees/Displacement",
    "description": "من مخيم الجلزون إلى بيت نبالا، البلد المنكوبة منذ 1948. وفد من اللاجئين- العائدين في زيارة للقرية. تصوير: عمر الغباري - ذاكرات لغة الفيديو: العربية مع ترجمة للانجليزية 14/9/2016 لمشاهدة الفيديو الكامل http://zochrot.org/ar/video/56454 From al-Jalazone refugee camp to Bayt Nabala, a destroyed village since 1948. A delegation of refugees-returnees to the village. Filming: Umar al-Ghubari- Zochrot Language: Arabic with English subtitles watch the full video http://zochrot.org/en/video/56454 14/9/2016",
    "channel": "Zochrot"
  },
  "metadata": {
    "source_url": "https://www.youtube.com",
    "scraped_at": "2025-11-05T22:26:42.708965",
    "extraction_method": "Playlist Video Page"
  }
}