{
  "video_identification": {
    "video_id": "_XazRn3QdDY",
    "title": "Rabbis for Human Rights at the anti-judicial overhaul protests",
    "href": "/watch?v=_XazRn3QdDY",
    "full_url": "https://www.youtube.com/watch?v=_XazRn3QdDY",
    "content_type": "video"
  },
  "basic_info": {
    "date": "13 views",
    "view_count": "13 views",
    "channel": "rabbisforhumanrights4516"
  },
  "extracted_metadata": {
    "title": "Rabbis for Human Rights at the anti-judicial overhaul protests",
    "date": "2023-07-26",
    "place": "Location Not Specified",
    "topic": "Human Rights",
    "description": "רבנים לזכויות אדם | Rabbis for Human Rights 147 subscribers",
    "channel": "rabbisforhumanrights4516"
  },
  "metadata": {
    "source_url": "https://www.youtube.com",
    "scraped_at": "2025-11-05T22:22:22.626920",
    "extraction_method": "Playlist Video Page"
  }
}