{
  "video_identification": {
    "video_id": "bO99TOSlNTw",
    "title": "Names of depopulated villages that were once in the Gaza district. #gaza #rightofreturn",
    "full_url": "https://www.youtube.com/shorts/bO99TOSlNTw",
    "content_type": "shorts"
  },
  "basic_info": {
    "duration": "Short Form",
    "channel": "Zochrot",
    "channel_url": "https://www.youtube.com/@Zochrot/shorts"
  },
  "extracted_metadata": {
    "date": "2025-06-18",
    "place": "Gaza",
    "topic": "Refugees/Displacement",
    "description": "This is a snippet from our latest podcast episode. Dr. Dotan Halevi is reading directly from a 1948 Israeli military document, cited by historian Benny Morris. He lists dozens of Palestinian villages depopulated during the Nakba. Many of these names, many now erased or unrecognizable, became the origins of today’s refugee camps in Gaza. This is not just history. It’s the lived memory of displacement still shaping lives today.",
    "channel": "Zochrot"
  },
  "metadata": {
    "scraped_at": "2025-11-05T22:11:16.518738"
  }
}