{
  "video_identification": {
    "video_id": "UMV6FFCDQuk",
    "title": "A talk on Antisemitism and anti-Palestinian racism",
    "href": "/watch?v=UMV6FFCDQuk",
    "full_url": "https://www.youtube.com/watch?v=UMV6FFCDQuk",
    "content_type": "video"
  },
  "basic_info": {
    "date": "857 views",
    "view_count": "857 views",
    "channel": "combatantsforpeace5017"
  },
  "extracted_metadata": {
    "title": "A talk on Antisemitism and anti-Palestinian racism",
    "date": "Date Not Available",
    "place": "Location Not Specified",
    "topic": "Palestinian-Israeli Conflict",
    "description": "Palestinian-Israeli Conflict - Location Not Specified",
    "channel": "combatantsforpeace5017"
  },
  "metadata": {
    "source_url": "https://www.youtube.com",
    "scraped_at": "2025-11-05T22:51:49.309318",
    "extraction_method": "Playlist Video Page"
  }
}