{
  "video_identification": {
    "video_id": "CxYFxuMjtsQ",
    "title": "شهاده احمد قاسم الشايب - لاجيء من الراس الاحمر | Ahmed Qasim Al Shayeb- Refugee from al-Ras al-Ahmar",
    "href": "/watch?v=CxYFxuMjtsQ",
    "full_url": "https://www.youtube.com/watch?v=CxYFxuMjtsQ",
    "content_type": "video"
  },
  "basic_info": {
    "date": "448 views",
    "view_count": "448 views",
    "channel": "Zochrot"
  },
  "extracted_metadata": {
    "title": "شهاده احمد قاسم الشايب - لاجيء من الراس الاحمر | Ahmed Qasim Al Shayeb- Refugee from al-Ras al-Ahmar",
    "date": "2017-05-16",
    "place": "Safed",
    "topic": "Refugees/Displacement",
    "description": "شهاده احمد قاسم الشايب منطقة السكن الحالي: صيدا – مخيم عين الحلوه مكان الولاده: قرية الراس الاحمر – قضاء صفد سنه الولاده: 1935 اجرى المقابلة: جمعية النجدة الاجتماعية في لبنان / 2007 لغة المقابلة: العربية تم تجميع الشهاده كجزء من مشروع: جسر الذاكرة - بين الرأس الأحمر وكيرم بن زمره שם המרואיין: אחמד קאסם אלשאייב שנת לידה: 1935 מקום לידה: כפר אלראס אלאחמר (נפת סַ'פַד - צפת) מקום מגורים נוכחי: צידון - מחנה פליטים עין אל-חילווה ראיין: ארגון אלנג'דה בלבנון שנת ראיון: 2007 שפה: ערבית העדות נאספה כחלק מפרוייקט: זיכרון מגשר - בין אלראס אלאחמר וכרם בן זמרה Ahmed Qasim Al Shayeb Refugee from al-Ras al-Ahmar - Safed District Current residence: Sidon - Ain al-Hilweh refugee camp - Lebanon Year of Birth: 1935 Date of Interview: 2007 Interviewer: al-Najdeh Association Language: Arabic The testimony was taken as part of the project \"Bridging Memory - Between al-Ras al-Ahmar and Kerem ben Zimra",
    "channel": "Zochrot"
  },
  "metadata": {
    "source_url": "https://www.youtube.com",
    "scraped_at": "2025-11-05T22:26:39.368048",
    "extraction_method": "Playlist Video Page"
  }
}