{
  "video_identification": {
    "video_id": "pTCPsdOzb4o",
    "title": "Mapping My Return - APWA's discussion with Salman H. Abu-Sitta",
    "href": "/watch?v=pTCPsdOzb4o",
    "full_url": "https://www.youtube.com/watch?v=pTCPsdOzb4o",
    "content_type": "video"
  },
  "basic_info": {
    "date": "47 views",
    "view_count": "47 views",
    "channel": "PalestineLandSociety"
  },
  "extracted_metadata": {
    "title": "Mapping My Return - APWA's discussion with Salman H. Abu-Sitta",
    "date": "2024-08-23",
    "place": "Palestine",
    "topic": "Palestinian-Israeli Conflict",
    "description": "This last Sunday, APWA had the privilege of hosting a discussion with Palestinian researcher Salman H. Abu-Sitta. In this session, we delved into his memoir, \"Mapping My Return,\" exploring his personal journey and the broader historical context of Palestine. Join us as Abu-Sitta shares his insights, experiences, and the meticulous work behind his memoir. This conversation offers perspective on the Palestinian narrative and is a must-watch to understand what's going on today.",
    "channel": "PalestineLandSociety"
  },
  "metadata": {
    "source_url": "https://www.youtube.com",
    "scraped_at": "2025-11-05T22:40:34.747583",
    "extraction_method": "Playlist Video Page"
  }
}