{
  "video_identification": {
    "video_id": "OwD62j9YOOg",
    "title": "Zochrot tour Majdal, Ashqeklon סיור זוכרות מג'דל אשקלון",
    "href": "/watch?v=OwD62j9YOOg&pp=0gcJCQMKAYcqIYzv",
    "full_url": "https://www.youtube.com/watch?v=OwD62j9YOOg&pp=0gcJCQMKAYcqIYzv",
    "content_type": "video"
  },
  "basic_info": {
    "date": "3.2K views",
    "view_count": "3.2K views",
    "channel": "Zochrot"
  },
  "extracted_metadata": {
    "title": "Zochrot tour Majdal, Ashqeklon סיור זוכרות מג'דל אשקלון",
    "date": "2009-09-17",
    "place": "Location Not Specified",
    "topic": "General Documentation",
    "description": "Transcript Follow along using the transcript. Show transcript Zochrot 3.78K subscribers Facebook",
    "channel": "Zochrot"
  },
  "metadata": {
    "source_url": "https://www.youtube.com",
    "scraped_at": "2025-11-05T22:27:37.535273",
    "extraction_method": "Playlist Video Page"
  }
}