{
  "video_identification": {
    "video_id": "E8WaXTkeI48",
    "title": "شهاده ماجي الياس طوبي -كركبي - حيفا | Maggie Elias Tobi - Karkabi - Haifa",
    "href": "/watch?v=E8WaXTkeI48",
    "full_url": "https://www.youtube.com/watch?v=E8WaXTkeI48",
    "content_type": "video"
  },
  "basic_info": {
    "date": "677 views",
    "view_count": "677 views",
    "channel": "Zochrot"
  },
  "extracted_metadata": {
    "title": "شهاده ماجي الياس طوبي -كركبي - حيفا | Maggie Elias Tobi - Karkabi - Haifa",
    "date": "2018-11-24",
    "place": "Location Not Specified",
    "topic": "Interview/Testimony",
    "description": "شهادة ماجي الياس طوبي -كركبي (1930) مكان الولادة: حيفا مكان السكن الحالي: حيفا تاريخ المقابلة: 25.10.2016 لغة المقابلة: العربية עדותה של מאגי אליאס טובי - כרכבי (1930) מקום לידה: חיפא מגורים נוכחיים: חיפא תאריך ראיון: 25.10.2016 שפת ראיון: ערבית Testimony by Maggie Elias Tobi - Karkabi (1930) Place of birth: Haifa Current residence: Haifa Date of Interview: 25.10.2016 Language: Arabic",
    "channel": "Zochrot"
  },
  "metadata": {
    "source_url": "https://www.youtube.com",
    "scraped_at": "2025-11-05T22:26:22.190289",
    "extraction_method": "Playlist Video Page"
  }
}