{
  "video_identification": {
    "video_id": "py5JABpWMDQ",
    "title": "Avi Dabush in the Knesset, Defend the Olive Harvest 2025",
    "full_url": "https://www.youtube.com/shorts/py5JABpWMDQ",
    "content_type": "shorts"
  },
  "basic_info": {
    "duration": "Short Form",
    "channel": "rabbisforhumanrights4516",
    "channel_url": "https://www.youtube.com/@rabbisforhumanrights4516/shorts"
  },
  "extracted_metadata": {
    "date": "2025-09-30",
    "place": "West Bank",
    "topic": "Settlement Expansion",
    "description": "For 22 years, we have been accompanying the olive harvest in the West Bank. Every year, Palestinians are restricted from accessing their lands and routinely attacked by settlers. Every year, our activists - sometimes very elderly people - are attacked by Jewish extremists. This is exactly why the organization's CEO said in the Knesset: the army and the police have a duty to protect Palestinian farmers and activists in the field. Watch and share the words of Rabbi Avi Dabush. Donate to the campaign now! bit.ly/defendtheharvest",
    "channel": "rabbisforhumanrights4516"
  },
  "metadata": {
    "scraped_at": "2025-11-05T22:10:32.702265"
  }
}