{
  "video_identification": {
    "video_id": "ng7FVRq_oGA",
    "title": "Daily Minute with Fred Schlomka 8 June 2020",
    "href": "/watch?v=ng7FVRq_oGA",
    "full_url": "https://www.youtube.com/watch?v=ng7FVRq_oGA",
    "content_type": "video"
  },
  "basic_info": {
    "date": "20 views",
    "view_count": "20 views",
    "channel": "greenolivetours5614"
  },
  "extracted_metadata": {
    "title": "Daily Minute with Fred Schlomka 8 June 2020",
    "date": "2020-06-08",
    "place": "Location Not Specified",
    "topic": "Palestinian-Israeli Conflict",
    "description": "Israeli and US health care systems",
    "channel": "greenolivetours5614"
  },
  "metadata": {
    "source_url": "https://www.youtube.com",
    "scraped_at": "2025-11-05T22:12:32.680650",
    "extraction_method": "Playlist Video Page"
  }
}