{
  "video_identification": {
    "video_id": "jInDIYAPE9c",
    "title": "Dry Lands, Deep Courage: Co-Resisting Water Apartheid in the Jordan Valley",
    "href": "/watch?v=jInDIYAPE9c&pp=0gcJCQMKAYcqIYzv",
    "full_url": "https://www.youtube.com/watch?v=jInDIYAPE9c&pp=0gcJCQMKAYcqIYzv",
    "content_type": "video"
  },
  "basic_info": {
    "date": "102 views",
    "view_count": "102 views",
    "channel": "combatantsforpeace5017"
  },
  "extracted_metadata": {
    "title": "Dry Lands, Deep Courage: Co-Resisting Water Apartheid in the Jordan Valley",
    "date": "2025-08-20",
    "place": "Jordan Valley",
    "topic": "Protest/Demonstration",
    "description": "On Wednesday, August 20th, the AFCFP and Combatants for Peace community gathered for \"Dry Lands, Deep Courage: Co-Resisting Water Apartheid in the Jordan Valley\" — a conversation with Palestinian and Israeli CfP activists working together to defend the basic human right to water. This event was part of our summer campaign, Emergency Assistance, Shared Resistance.",
    "channel": "combatantsforpeace5017"
  },
  "metadata": {
    "source_url": "https://www.youtube.com",
    "scraped_at": "2025-11-05T22:51:37.544097",
    "extraction_method": "Playlist Video Page"
  }
}