{
  "video_identification": {
    "video_id": "fvCNVJTmTmM",
    "title": "Eleven Wars against Palestinians: How Palestinians are coping with their Elimination - SOAS",
    "href": "/watch?v=fvCNVJTmTmM&pp=0gcJCQMKAYcqIYzv",
    "full_url": "https://www.youtube.com/watch?v=fvCNVJTmTmM&pp=0gcJCQMKAYcqIYzv",
    "content_type": "video"
  },
  "basic_info": {
    "date": "173 views",
    "view_count": "173 views",
    "channel": "PalestineLandSociety"
  },
  "extracted_metadata": {
    "title": "Eleven Wars against Palestinians: How Palestinians are coping with their Elimination - SOAS",
    "date": "2021-02-23",
    "place": "With Dr Howayda Al Harithy",
    "topic": "Palestinian-Israeli Conflict",
    "description": "Eleven Wars against Palestinians: How Palestinians are coping with their Elimination A Lecture by Salman Abu Sitta SOAS Webinar event 23 February 2012, 5.30 pm UK With Dr Howayda Al Harithy, PLSC Director at AUB. Host Dr Dina Matar, SOAS University of London",
    "channel": "PalestineLandSociety"
  },
  "metadata": {
    "source_url": "https://www.youtube.com",
    "scraped_at": "2025-11-05T22:40:43.838997",
    "extraction_method": "Playlist Video Page"
  }
}