{
  "video_identification": {
    "video_id": "pJbSkXlwmkE",
    "title": "Gaza Genocide: Personal Experience in the Context of Decolonizing the Palestinian Mind - Haidar Eid",
    "href": "/watch?v=pJbSkXlwmkE&pp=0gcJCQMKAYcqIYzv",
    "full_url": "https://www.youtube.com/watch?v=pJbSkXlwmkE&pp=0gcJCQMKAYcqIYzv",
    "content_type": "video"
  },
  "basic_info": {
    "date": "497 views",
    "view_count": "497 views",
    "channel": "Zochrot"
  },
  "extracted_metadata": {
    "title": "Gaza Genocide: Personal Experience in the Context of Decolonizing the Palestinian Mind - Haidar Eid",
    "date": "2024-03-28",
    "place": "Gaza Strip",
    "topic": "Protest/Demonstration",
    "description": "Guest speaker Prof. Haidar Eid. \"The Gaza Genocide: Personal Experience in the Context of Decolonizing the Palestinian Mind.\" Wednesday, March 20th, 2024 Prof. Haidar Eid is an Associate Professor of Postcolonial and Postmodern Literature at Gaza's al-Aqsa University. He is a survivor of the Gaza genocide and has written extensively on the Palestinian question. His latest book is titled \"Decolonising the Palestinian Mind.\"",
    "channel": "Zochrot"
  },
  "metadata": {
    "source_url": "https://www.youtube.com",
    "scraped_at": "2025-11-05T22:26:09.900215",
    "extraction_method": "Playlist Video Page"
  }
}