{
  "video_identification": {
    "video_id": "TyFU7i_xWAI",
    "title": "THE DUTY OF TELLING THE TRUTH ABOUT A CRIME: A WARNING TO THOSE WHO KNOW THE TRUTH AND HIDE IT.",
    "href": "/watch?v=TyFU7i_xWAI",
    "full_url": "https://www.youtube.com/watch?v=TyFU7i_xWAI",
    "content_type": "video"
  },
  "basic_info": {
    "date": "39 views",
    "view_count": "39 views",
    "channel": "PalestineLandSociety"
  },
  "extracted_metadata": {
    "title": "THE DUTY OF TELLING THE TRUTH ABOUT A CRIME: A WARNING TO THOSE WHO KNOW THE TRUTH AND HIDE IT.",
    "date": "2020-10-19",
    "place": "Location Not Specified",
    "topic": "A CRIME: A WARNING TO THOSE WHO KNOW THE TRUTH AND HIDE IT",
    "description": "A word by Salman Abu Sitta honouring Umar Al Ghubari on the occasion of being the recipient of The Andreina Blua 2020 Award for Frontline Responders/Psychologists for Social Responsibility on Recognizing Al Nakba, Recognizing the Right of Return. Oct, 16, 2020",
    "channel": "PalestineLandSociety"
  },
  "metadata": {
    "source_url": "https://www.youtube.com",
    "scraped_at": "2025-11-05T22:40:45.959749",
    "extraction_method": "Playlist Video Page"
  }
}