{
  "video_identification": {
    "video_id": "B-Vp32Lpz70",
    "title": "SOLIDARITY with Al-Makhrour Valley, West Bank",
    "full_url": "https://www.youtube.com/shorts/B-Vp32Lpz70",
    "content_type": "shorts"
  },
  "basic_info": {
    "duration": "Short Form",
    "channel": "rabbisforhumanrights4516",
    "channel_url": "https://www.youtube.com/@rabbisforhumanrights4516/shorts"
  },
  "extracted_metadata": {
    "date": "2025-05-07",
    "place": "Wadi Al",
    "topic": "Settlement Expansion",
    "description": "Listen to landowner Emad Al-Shams as he describes the violent attack on his family’s farmland in Wadi Al-Makhrour, near Battir, on April 23. Settlers destroyed over 200 olive trees, ripped out fencing, and demolished ancient stone terraces. This destruction is part of a broader effort to displace Palestinians for illegal settlement expansion and erase their connection to the land. Rabbis for Human Rights calls on all who support justice to stand with us. We will continue working with Palestinian partners to expose these injustices and resist violence and dispossession. Support this cause, amplify the story, and stand with the people of Wadi Al-Makhrour.",
    "channel": "rabbisforhumanrights4516"
  },
  "metadata": {
    "scraped_at": "2025-11-05T22:10:32.702265"
  }
}