{
  "video_identification": {
    "video_id": "ghF044REisU",
    "title": "טייק 3 | Take 3 | تيك 3",
    "href": "/watch?v=ghF044REisU",
    "full_url": "https://www.youtube.com/watch?v=ghF044REisU",
    "content_type": "video"
  },
  "basic_info": {
    "date": "1K views",
    "view_count": "1K views",
    "channel": "Zochrot"
  },
  "extracted_metadata": {
    "title": "טייק 3 | Take 3 | تيك 3",
    "date": "2018-03-04",
    "place": "Israel",
    "topic": "Refugees/Displacement",
    "description": "טייק 3 בימוי: איילת בכר ישראל/פלסטין | 2015 | 15 דק' | עברית וערבית עם כתוביות באנגלית פליט פלסטיני חוזר לביקור בכפרו ומצולם בסרט תיעודי ישראלי. שלושים שנים מאוחר יותר, בסרט אחר, פליט שוב מבקר בכפרו. בצירוף מקרים מדהים, מדובר באותו אדם: אבו-מוחמד מהכפר ענאבה. האם ניתן יהיה לצלם את סצנת השיבה בפעם השלישית? סרט הופק במיוחד לפסטיבל הסרטים הניבלאומי השלישי לסרטי נכבה ושיבה של עמותת זוכרות 48מ\"מ - 2015 تيك 3 إخراج: آييليت بَخَر إسرائيل/فلسطين 2015 وثائقي، 15 دقائق. العبرية والعربية مع ترجمة للعربية والعبرية يعود لاجئ فلسطيني عام 1969 لزيارة قريته المهجّرة القريبة من الرملة، وتوثّق زيارته هذه في فيلم وثائقي إسرائيلي. بعد ثلاثين سنه، وفي فيلم وثائقي آخر ولكن في مشهد مماثل إلى حد الإبهار، يعود لاجئ إلى زيارة قريته. وتشاء الصدفة المذهلة أن يكون الشخص نفسه: أبو محمد من قرية عنابة. يعود \"تقاطع عنّابة\" إلى الأفلام من منظور المخرجين رام ليفي ورعنان ألكسندروفيتش. هل يمكن تصوير مشهد العودة للمرة الثالثة؟ الفيلم أنتج خصيصا للمهرجان الدوليّ الثالث لأفلام النكبة والعوده الذي تنظمه جمعية ذاكرات - 2015 Take 3 Directed by Ayelet Bachar Israel/Palestine 2015 | 15 min | Arabic and Hebrew with En subs A Palestinian refugee returns to visit his destroyed village and is filmed for an Israeli documentary. Thirty years later, in a different documentary but in a remarkably similar scene, a refugee visits his village again. By an amazing coincidence, they turn out to be the same person: Abu-Muhammad from the village of ‛Anaba. The film returns to these documentaries through the eyes of their directors, Ram Loevy and Ra’anan Alexandrovich. Could the return scene be filmed for the third time? Film Produced Zochrot's 3rd Int'l Film Festival on Nakba and Return - 48mm 2015",
    "channel": "Zochrot"
  },
  "metadata": {
    "source_url": "https://www.youtube.com",
    "scraped_at": "2025-11-05T22:26:29.969850",
    "extraction_method": "Playlist Video Page"
  }
}