{
  "video_identification": {
    "video_id": "mF9C8q2Wc74",
    "title": "Webinar: Economic Justice In Palestine with Sam Bahour",
    "href": "/watch?v=mF9C8q2Wc74",
    "full_url": "https://www.youtube.com/watch?v=mF9C8q2Wc74",
    "content_type": "video"
  },
  "basic_info": {
    "date": "266 views",
    "view_count": "266 views",
    "channel": "greenolivetours5614"
  },
  "extracted_metadata": {
    "title": "Webinar: Economic Justice In Palestine with Sam Bahour",
    "date": "2023-08-06",
    "place": "Israel",
    "topic": "Violence/Confrontation",
    "description": "Since 1948, when Palestinian bank assets were forcibly seized, the state of Israel has consistently worked to develop an apartheid economy. On Sunday, August 6th of 2023 the Green Olive Collective joined with Sam Bahour to discuss the occupation of Palestinian commerce. We explored the failings of the Oslo Accords, the way Israeli policy systematically undercuts the Palestinian economy, and what a future of economic justice and commercial autonomy would mean for the millions of Palestinians currently living under military rule. This recording of the webinar is free and open to the public, but you can contribute at the link below to sustain the Green Olive Collective and our work to challenge the violence of occupation and advocate for a democratic future: https://greenolivetours.com/contribut...",
    "channel": "greenolivetours5614"
  },
  "metadata": {
    "source_url": "https://www.youtube.com",
    "scraped_at": "2025-11-05T22:12:16.510003",
    "extraction_method": "Playlist Video Page"
  }
}