{
  "video_identification": {
    "video_id": "A6dzsWNcQ-M",
    "title": "FLY OVER PALESTINE [Tour-14]:Haifa - Shawka at Tahta",
    "href": "/watch?v=A6dzsWNcQ-M",
    "full_url": "https://www.youtube.com/watch?v=A6dzsWNcQ-M",
    "content_type": "video"
  },
  "basic_info": {
    "date": "249 views",
    "view_count": "249 views",
    "channel": "PalestineLandSociety"
  },
  "extracted_metadata": {
    "title": "FLY OVER PALESTINE [Tour-14]:Haifa - Shawka at Tahta",
    "date": "2012-06-12",
    "place": "Palestine",
    "topic": "General Documentation",
    "description": "FLY OVER PALESTINE [Tour-14]:Haifa - Shawka at Tahta 0Likes249Views2012Jun 12 … PalestineLandSociety 1.09K subscribers",
    "channel": "PalestineLandSociety"
  },
  "metadata": {
    "source_url": "https://www.youtube.com",
    "scraped_at": "2025-11-05T22:41:01.559846",
    "extraction_method": "Playlist Video Page"
  }
}