{
  "video_identification": {
    "video_id": "PoVKh8sTlaw",
    "title": "Awards of the 7th year competition for the reconstruction of destroyed Palestinian villages",
    "href": "/watch?v=PoVKh8sTlaw",
    "full_url": "https://www.youtube.com/watch?v=PoVKh8sTlaw",
    "content_type": "video"
  },
  "basic_info": {
    "date": "330 views",
    "view_count": "330 views",
    "channel": "PalestineLandSociety"
  },
  "extracted_metadata": {
    "title": "Awards of the 7th year competition for the reconstruction of destroyed Palestinian villages",
    "date": "2023-09-11",
    "place": "Location Not Specified",
    "topic": "Palestinian-Israeli Conflict",
    "description": "Transcript Follow along using the transcript. Show transcript PalestineLandSociety 1.09K subscribers",
    "channel": "PalestineLandSociety"
  },
  "metadata": {
    "source_url": "https://www.youtube.com",
    "scraped_at": "2025-11-05T22:40:37.946818",
    "extraction_method": "Playlist Video Page"
  }
}