{
  "video_identification": {
    "video_id": "RJF-KhpT0Hg",
    "title": "הכפר בריר בדרום / Burayr Village in the South",
    "href": "/watch?v=RJF-KhpT0Hg",
    "full_url": "https://www.youtube.com/watch?v=RJF-KhpT0Hg",
    "content_type": "video"
  },
  "basic_info": {
    "date": "688 views",
    "view_count": "688 views",
    "channel": "Zochrot"
  },
  "extracted_metadata": {
    "title": "הכפר בריר בדרום / Burayr Village in the South",
    "date": "2011-11-08",
    "place": "Location Not Specified",
    "topic": "General Documentation",
    "description": "Editing: Lia Tarachansky הכפר שכן בדרום מישור החוף, 18 ק\"מ מצפון-מזרח לעזה, וואדי אל-קאעה [נחל חלץ] חצה את צידו המזרחי. ב-1931 חיו בכפר 1,894 תושבים שהתגוררו ב-414 בתים, רובם בנויים מלבני בוץ וקש. ב-1944-45 עלה מספר תושבי הכפר ל-2,740, כולם מוסלמים, ושטחו עמד על 46,184 דונם, מהם 618 שנרכשו בידי יהודים. לפי העיתון הפלסטיני 'פילסטין', כוחות ציוניים תקפו את הכפר כבר ב-29 בינואר 1948 באמצעות חמישה משוריינים, ונהדפו. ב-14 בפברואר, לפי העיתון, שיירה יהודית עברה דרך הכפר, החליפה אש עם מגיניו, ונמלטה. ב-20 באפריל 1948 נוסד [קיבוץ] ברור חיל על גבעה סמוכה לכפר, וכלל גדר הגנה ומגדל שמירה. חלק מתושבי הכפר ירו לעברם, אך לא הצליחו למנוע את התיישבותם באותו יום. כשלושה שבועות לאחר מכן, ב-12-13 במאי, חטיבת הנגב של הפלמ\"ח היכתה בכפר בתיאום עם מבצע ברק של חטיבת גבעתי. 'ספר תולדות ההגנה', אשר מתייחס לבריר כאל \"כפר המרצחים\" -- ללא הסבר נוסף -- מציין כי הכפר נכבש \"במכה אחת\". חמישה יישובים ישראלים הוקמו על אדמות הכפר: [קיבוץ] ברור חיל ב-1948, ו[המושבים] תלמים וחלץ ב-1950, שדה דוד ב-1955 וזוהר ב-1956. שיחי צבר ועצי שקמה גדלים באתר הכפר, בו ניתן להבחין בשרידי בתים. חלק מרחובות הכפר עדיין ניכרים לעין. האדמות סביב האתר מעובדות. מתןך אתר של זוכרות www.zochrot.org",
    "channel": "Zochrot"
  },
  "metadata": {
    "source_url": "https://www.youtube.com",
    "scraped_at": "2025-11-05T22:27:30.639099",
    "extraction_method": "Playlist Video Page"
  }
}