{
  "video_identification": {
    "video_id": "zsVrwVuHVlg",
    "title": "بذور المقاومة ضد الصندوق القوميّ اليهوديّ / Planting Resistance to the Jewish National Fund",
    "href": "/watch?v=zsVrwVuHVlg",
    "full_url": "https://www.youtube.com/watch?v=zsVrwVuHVlg",
    "content_type": "video"
  },
  "basic_info": {
    "date": "488 views",
    "view_count": "488 views",
    "channel": "Zochrot"
  },
  "extracted_metadata": {
    "title": "بذور المقاومة ضد الصندوق القوميّ اليهوديّ / Planting Resistance to the Jewish National Fund",
    "date": "2017-03-01",
    "place": "Palestine",
    "topic": "Settlement Expansion",
    "description": "بذور المقاومة ضد الصندوق القوميّ اليهوديّ إخراج: الكس سفرون أمريكا, 2013 العربية والإنجليزية مع ترجمه للإنجليزية 32 دقيقة منذ إقامته قبل 112 سنة وحتى الآن، ما زالت أهداف الصندوق القومي اليهودي (كيرن كييمت) ثابتة، وإن تغيّرت أساليبه، في الاستيلاء على أراض في فلسطين التاريخية. هذا الفيلم الوثائقي القصير يوثق قصص ناجين من النكبة، ويعرض مقابلات مع أبنائهم وأحفادهم حول إمكانية العودة ويصف المقاومة الحالية المتصاعدة ضد آلية الاستعمار المتواصل التي يمارسها الصندوق القومي اليهودي في فلسطين – إسرائيل. זרעי התנגדות לקק\"ל במאי: אליקס ספרון ארה\"ב, 2013 ערבית ואנגלית עם כתוביות באנגלית 32 דקות במהלך 112 השנים האחרונות, השיטות שנקטה הקרן הקיימת לישראל לרכישת אדמות בפלסטין ההיסטורית אמנם השתנו, אך מטרותיה עודן כשהיו. סרט תעודה קצר זה מתעד את סיפוריהם של ניצולי נכבה, מביא ראיונות עם צאצאיהם על אפשרות השיבה ומתאר את ההתנגדות העכשווית הגוברת לקולוניזציה המתמשכת שמבצעת קק\"ל בשטחי ישראל-פלסטין. Planting Resistance to the Jewish National Fund (World Premiere) Directed by: Alex Safron U.S., 2013 Short Documentary 32 min Arabic and English with English subtitles Over the past 112 years, the strategies of the Jewish National Fund to acquire land in historic Palestine have changed, but its goals remain the same. This short documentary chronicles stories of Nakba survivors, interviews with their descendants about the case of refugee return, and current and growing resistance to the ongoing colonization of Palestine by the Jewish National Fund.",
    "channel": "Zochrot"
  },
  "metadata": {
    "source_url": "https://www.youtube.com",
    "scraped_at": "2025-11-05T22:26:41.268692",
    "extraction_method": "Playlist Video Page"
  }
}