{
  "video_identification": {
    "video_id": "nZ8anRDrxFg",
    "title": "Preservation of Palestinian Houses in Jaffa // שימור בתי הבאר ביפו",
    "href": "/watch?v=nZ8anRDrxFg",
    "full_url": "https://www.youtube.com/watch?v=nZ8anRDrxFg",
    "content_type": "video"
  },
  "basic_info": {
    "date": "265 views",
    "view_count": "265 views",
    "channel": "Zochrot"
  },
  "extracted_metadata": {
    "title": "Preservation of Palestinian Houses in Jaffa // שימור בתי הבאר ביפו",
    "date": "2014-08-10",
    "place": "Jaffa",
    "topic": "Palestinian-Israeli Conflict",
    "description": "סרטון שזוכרות הציגה בתערוכה על שימור בתי הבאר ביאפו, הסרט מדגיש את העובדה שבתי הבאר הם שרידים לנכבה שהתרחשה ב- 1948. פברואר (2008) 3 דקות, 11.8 MB. (לצפייה לחץ/י על נתמונה) לפרטים נוספים על התערוכה לחץ כאן",
    "channel": "Zochrot"
  },
  "metadata": {
    "source_url": "https://www.youtube.com",
    "scraped_at": "2025-11-05T22:27:16.723049",
    "extraction_method": "Playlist Video Page"
  }
}