{
  "video_identification": {
    "video_id": "H_rju9kQIpI",
    "title": "Return Conference \\ Panel: \"Thy children shall come again to their own border\" \\ Original languages",
    "href": "/watch?v=H_rju9kQIpI",
    "full_url": "https://www.youtube.com/watch?v=H_rju9kQIpI",
    "content_type": "video"
  },
  "basic_info": {
    "date": "79 views",
    "view_count": "79 views",
    "channel": "Zochrot"
  },
  "extracted_metadata": {
    "title": "Return Conference \\ Panel: \"Thy children shall come again to their own border\" \\ Original languages",
    "date": "2016-04-16",
    "place": "Leibler",
    "topic": "Refugees/Displacement",
    "description": "How to say 'Awda in Hebrew? The 3rd International Conference on the Return of Palestinian Refugees From: 21-22/03/2016 Panel: \"Thy children shall come again to their own border”: Learning From Refugee Returns in the World Chair: Dr. Anat Leibler – A fellow of the Science, Numbers and Politics research project, the Heidelberg Academy of Sciences and Humanities \"They are doing it for themselves”: Lessons learned From Self-Organized Return in Post-War Bosnia and Herzegovina / Dr. Selma Porobić – Activist and Forced Migration scholar, Director of the Centre for refugee and IDP studies, University of Sarajevo Repatriation and Reintegration: Lessons From Rwanda / Justine Mbabazi Rukeba – International lawyer and development practitioner, expert in transitional justice, peace and security, and community integration; Team Leader, Deloitte/USAID, Juba, South Sudan How Can the Return be realized: Learning from International Precedents / Muhammad Kayyal - Association for the Defence of the Rights of Internally Displaced Persons To watch the panel in Arabic: • مؤتمر العودة / جلسة: \"وعادت اللاجئات إلى أ... To watch the panel in Hebrew: • כנס השיבה / זוכרות / פאנל: \"ושבו פליטות לג... To watch the panel in English: • Return Conference \\ Zochrot \\ Panel: \"Thy ... To watch the panel in the original languages: • Return Conference \\ Panel: \"Thy children s... *** about the conference: http://www.zochrot.org/en/event/56261 Like us on Facebook: / zochrot",
    "channel": "Zochrot"
  },
  "metadata": {
    "source_url": "https://www.youtube.com",
    "scraped_at": "2025-11-05T22:26:53.220128",
    "extraction_method": "Playlist Video Page"
  }
}