{
  "video_identification": {
    "video_id": "7oYnHA08gFo",
    "title": "Commemorating 67 years to Dayr Yassin massacre / 67 שנה לטבח דיר יאסין",
    "href": "/watch?v=7oYnHA08gFo",
    "full_url": "https://www.youtube.com/watch?v=7oYnHA08gFo",
    "content_type": "video"
  },
  "basic_info": {
    "date": "598 views",
    "view_count": "598 views",
    "channel": "Zochrot"
  },
  "extracted_metadata": {
    "title": "Commemorating 67 years to Dayr Yassin massacre / 67 שנה לטבח דיר יאסין",
    "date": "2015-06-06",
    "place": "Location Not Specified",
    "topic": "Palestinian-Israeli Conflict",
    "description": "67 שנה לטבח דיר יאסין האירוע התקיים בהשתתפות הסופר והמחזאי סלמאן נאטור ופרופ׳ יהודה שנהב- שהרבני לרגל הוצאת ספרו החדש של סלמאן נאטור: ״הזיכרון שוחח אתי והסתלק - חייו ומותו של השייח' מחורץ הפנים״ בתרגום לעברית של יהודה שנהב-שהרבני. האירוע כלל סיור ברחוב הראשי של דיר יאסין, כיום רחוב כנפי נשרים בשכונת גבעת שאול בי-ם, נשיאת שלטים עם שמות הקורבנות, הסבר על ההתקפה והטבח, הקראת שמות קורבנות ליד בתי הכפר, הקראת קטעים מהספר \"הזיכרון שוחח איתי והסתלק\" מפי המחבר והמתרגם, סיכום וסיום בחורשה מאחורי בית החולים \"כפר שאול\" הממוקם במרכז הכפר ובתוך בתי הפליטים הפלסטינים. היה מצוין, חשוב, מרתק, עצוב. והיה רב משתתפים. השתתפותם ודבריהם של סלמאן נאטור, יהודה שנהב-שהרבני ואילן פפה הוסיפו עוד עוצמה לאירוע ספרו החדש שהתפרסם זה עתה של סלמאן נאטור בהוצאת רסלינג - \"הזיכרון שוחח איתי והסתלק – חייו ומותו של השיח' מחורץ הפנים\" נושא בחובו סיפורים אינספור הסובבים את התהליך הטראומטי של העם הפלסטיני בשנת 1948 ובעקבותיה. זהו אחד מספרי הפרוזה הראשונים שהעזו להתמודד, עם סוגיית הסיפור על אודות הנכבה ועם סוגיית זיכרונה – על פניה והקשריה המרובים. עתה, שלושים שנים לאחר שהחל להיכתב כטור ספרותי בכתב העת אל-ג'דיד, התפרסם הספר, בתרגומו של יהודה שנהב-שהרבני ובצרוף אחרית דבר מעמיקה פרי עטו. 67 عاما على مجزرة دير ياسن دعت زوخروت (ذاكرات) الجمهور للمشاركة في نشاط لإحياء الذكرى الـ67 لمجزرة دير ياسين والذي عقد على أرض القرية. شارك في النشاط الكاتب سلمان ناطور بمناسبة إطلاق كتابه \" حدثتني الذاكرة ومضت – حياة وموت الشيخ مشقق الوجه\" باللغة العبرية، ومترجم الكتاب بروفسور يهوده شنهاب- شهرباني. شمل البرنامج: مسيرة في شارع القرية الرئيسي (اليوم شارع كنفي نشريم) مروراً عند مدرسة البنات وبعض البيوت الفلسطينية التي ما زالت قائمة، حتى منطقة المقبرة ومركز القرية المغلق لصالح مشفى إسرائيلي للأمراض النفسية، قراءة فقرات من شهادات على المجزرة، شرحًا عن تاريخ القرية ونكبتها ورفع لافتات بأسماء الضحايا، كما سيقرأ الكاتب سلمان ناطور والمترجم يهوده شنهاب- شهرباني فقرات من الكتاب. كان حدثًا رائعًا ومحزنًا. شكرا لكل من شارك. شكرا للأساتذة سلمان ناطور، يهوده شنهاب-شهرباني وإيلان بابه على المشاركة وعلى الكلام الصائب. شكرا لابن قالونيا وابن دير ياسين الأخ محمد بركات على حديثه عن أقربائه وعن عائلة والدته التي فقدت العديد من أبنائها وبناتها في المجزرة Commemorating 67 years to Dayr Yassin massacre On Wednesday, April 8, we commemorated the 67th anniversary of the Dayr Yassin massacre. We walked along the main street of the village (now Kanfey Nesharim Street), learn about the village and its Nakba, and passed some of the Palestinian buildings that are still standing along the road - people were massacred in some of them - as well as the Kfar Shaul mental hospital, whose buildings were once the core of the village. We stopped at the remains of the Palestinian cemetery and ended the tour in the grove behind the hospital. We carried signs bearing the names of the victims of the massacre. The writer and poet Salman Natur and Prof. Yehouda Shenhav-Sharabani participated in the event and launched Natur's new book \"The Memory had conversed with me and disappeared - The Life and Death of the grooved face Sheikh\", translated by Shenhav-Sharabani to Hebrew and published by Resling publishing house this month. Both read pieces from the new book.",
    "channel": "Zochrot"
  },
  "metadata": {
    "source_url": "https://www.youtube.com",
    "scraped_at": "2025-11-05T22:27:07.925487",
    "extraction_method": "Playlist Video Page"
  }
}