{
  "video_identification": {
    "video_id": "7u-_rUlRhJA",
    "title": "Panel \\ The Return of Palestinian Refugees in the local Civil Society \\ English Dubbing",
    "href": "/watch?v=7u-_rUlRhJA",
    "full_url": "https://www.youtube.com/watch?v=7u-_rUlRhJA",
    "content_type": "video"
  },
  "basic_info": {
    "date": "124 views",
    "view_count": "124 views",
    "channel": "Zochrot"
  },
  "extracted_metadata": {
    "title": "Panel \\ The Return of Palestinian Refugees in the local Civil Society \\ English Dubbing",
    "date": "2016-04-19",
    "place": "Bethlehem",
    "topic": "Protest/Demonstration",
    "description": "How to say 'Awda in Hebrew? The 3rd International Conference on the Return of Palestinian Refugees From: 21-22/03/2016 *Panel: The Return of Palestinian Refugees in the local Civil Society Discourse* Chair: Liat Rosenberg – Director of Zochrot 1967 And Not 1948? On the language, Space and Time of Human Rights Organizations in Israel: Lifta as a Metaphor / Prof. Daphna Golan –Director of Human Rights Fellowship Program, Minerva Center for Human Rights, Faculty of Law, Hebrew University of Jerusalem Visibility, Documentation, Testimony and the Big Elephant / Yudit Ilany – sociopolitical activist and freelance documentarist; photojournalist and correspondent for the Israel Social TV; parliamentary advisor for Member of Knesset Haneen Zoabi Practical Return in Palestinian Civil Society: Challenges and Opportunities / Badil – Resource Center for Palestinian Residency & Refugee Rights, Bethlehem The Intensified Political Activism to Promote Return in Palestinian Society Within 1948 / Nadim Nashif – Director of Baladna, Association for Arab Youth, Haifa To watch the panel in Arabic: • مؤتمر العودة / زوخروت / جلسة: \"قضية العودة... To watch the panel in Hebrew: • כנס השיבה / פאנל: \"סוגיית השיבה של הפליטים... To watch the panel in English: • Panel \\ The Return of Palestinian Refugees... To watch the panel in the original languages: • Panel \\ The Return of Palestinian Refugees... *** about the conference: http://www.zochrot.org/en/event/56261 Like us on Facebook: / zochrot",
    "channel": "Zochrot"
  },
  "metadata": {
    "source_url": "https://www.youtube.com",
    "scraped_at": "2025-11-05T22:26:52.789905",
    "extraction_method": "Playlist Video Page"
  }
}