{
  "video_identification": {
    "video_id": "MndHjZJGPrc",
    "title": "Talking about Return - Yosi Mekaiten | שיחות על שיבה – יוסי מקייטן",
    "href": "/watch?v=MndHjZJGPrc",
    "full_url": "https://www.youtube.com/watch?v=MndHjZJGPrc",
    "content_type": "video"
  },
  "basic_info": {
    "date": "96 views",
    "view_count": "96 views",
    "channel": "Zochrot"
  },
  "extracted_metadata": {
    "title": "Talking about Return - Yosi Mekaiten | שיחות על שיבה – יוסי מקייטן",
    "date": "2018-09-09",
    "place": "Location Not Specified",
    "topic": "Return' and this time with Yosi Mekaiten, a member of the forum 'Jews for the Right of Return'",
    "description": "איך מתגברים על הפחד מפני מדינה 'לא יהודית'? מה הקשר בין תמיכה בשיבת הפליטים ולימוד השפה הערבית? פרק נוסף בסדרה \"שיחות על שיבה\" והפעם עם יוסי מקייטן, חבר בפורום יהודים למען השיבה How do you overcome the fear of a 'non Jewish' state? What's the connection between supporting the right of return and teaching Arabic? Another episode in the series 'Talks about Return' and this time with Yosi Mekaiten, a member of the forum 'Jews for the Right of Return'.",
    "channel": "Zochrot"
  },
  "metadata": {
    "source_url": "https://www.youtube.com",
    "scraped_at": "2025-11-05T22:26:25.145159",
    "extraction_method": "Playlist Video Page"
  }
}