{
  "video_identification": {
    "video_id": "JBGCPr5rptM",
    "title": "Ground Truth | Events in Al-Araqib | 1-2.1.2016",
    "href": "/watch?v=JBGCPr5rptM",
    "full_url": "https://www.youtube.com/watch?v=JBGCPr5rptM",
    "content_type": "video"
  },
  "basic_info": {
    "date": "170 views",
    "view_count": "170 views",
    "channel": "Zochrot"
  },
  "extracted_metadata": {
    "title": "Ground Truth | Events in Al-Araqib | 1-2.1.2016",
    "date": "2016-02-06",
    "place": "Goldsmiths",
    "topic": "the project, see here: http://zochrot",
    "description": "Ground Truth: Records of Dispossession, Destruction and Return in the Naqab/Negev Zochrot and the inhabitants of Al-Araqib and the Forensic Architecture project at Goldsmiths, University of London had implemented a series of events at the village of Al-‛Araqib in the Naqab/Negev between the 1-2/1/2016, in the frame of the final session of Zochrot's Truth Commission for the Events of 1948-1960 in the South. For further details about the project, see here: http://zochrot.org/en/gallery/55860 אמת קרקעית: עדויות של נישול, שיבה והרס סביבתי בנגב/אלנַקַבּ עמותת זוכרות בשיתוף עם כפר אל-עראקיב ופרויקט המחקר (Forensic Architecture (Goldsmiths, University of London) קיימו התכנסות בכפר אל-עראקיב בנגב בין התאריכים 1-2.1.2016, שכללה את אירועי המושב האחרון של ועדת האמת לאירועי 1948-1960 בדרום. לפרטים נוספים על הפרויקט ראו כאן: http://zochrot.org/he/gallery/55860 Watch the video in Hebrew • אמת קרקעית | התכנסות באל-עראקיב | 1-2.1.2016",
    "channel": "Zochrot"
  },
  "metadata": {
    "source_url": "https://www.youtube.com",
    "scraped_at": "2025-11-05T22:26:56.303165",
    "extraction_method": "Playlist Video Page"
  }
}