{
  "video_identification": {
    "video_id": "lr9hxEpFgFY",
    "title": "Return Conference\\ Panel: Round Table - Speakers do not Cut Corners \\ \\ Original languages",
    "href": "/watch?v=lr9hxEpFgFY",
    "full_url": "https://www.youtube.com/watch?v=lr9hxEpFgFY",
    "content_type": "video"
  },
  "basic_info": {
    "date": "95 views",
    "view_count": "95 views",
    "channel": "Zochrot"
  },
  "extracted_metadata": {
    "title": "Return Conference\\ Panel: Round Table - Speakers do not Cut Corners \\ \\ Original languages",
    "date": "2014-04-20",
    "place": "Tel",
    "topic": "Refugees/Displacement",
    "description": "***From Truth to Redress: Realizing the Return of Palestinian Refugees International Conference in Tel Aviv, September 29-30 2013*** Round Table: Speakers do not Cut Corners / Mediator: Umar al-Ghubari - Landscape & Space, Zochrot. *** Read more about the conference: http://www.zochrot.org/en/menu/%D7%96... *** To watch the panel in Hebrew: • כנס השיבה / זוכרות / פאנל: \"שולחן עגול on ... To watch the panel in Arabic: • مؤتمر العودة / ذاكرات - جلسة: \"ندوة تلخيصي... To watch the panel in English: • Return Conference\\ Panel: Round Table - Sp... *** Zochrot Website: http://zochrot.org/en Like us on Facebook: / zochrot",
    "channel": "Zochrot"
  },
  "metadata": {
    "source_url": "https://www.youtube.com",
    "scraped_at": "2025-11-05T22:27:21.692452",
    "extraction_method": "Playlist Video Page"
  }
}