{
  "video_identification": {
    "video_id": "SxAOY2PF_Ok",
    "title": "Partnering for a Just Peace in Israel & Palestine - CfP at Loyola University Maryland",
    "href": "/watch?v=SxAOY2PF_Ok",
    "full_url": "https://www.youtube.com/watch?v=SxAOY2PF_Ok",
    "content_type": "video"
  },
  "basic_info": {
    "date": "169 views",
    "view_count": "169 views",
    "channel": "combatantsforpeace5017"
  },
  "extracted_metadata": {
    "title": "Partnering for a Just Peace in Israel & Palestine - CfP at Loyola University Maryland",
    "date": "Date Not Available",
    "place": "Israel",
    "topic": "Partnering for a Just Peace",
    "description": "Partnering for a Just Peace - Israel",
    "channel": "combatantsforpeace5017"
  },
  "metadata": {
    "source_url": "https://www.youtube.com",
    "scraped_at": "2025-11-05T22:51:38.819537",
    "extraction_method": "Playlist Video Page"
  }
}