{
  "video_identification": {
    "video_id": "bPICauMUb90",
    "title": "مقاطع من شهادة نعيمة علي - لاجئة من الطنطورة | (Naima Ali - Refugee from al-Tantura (Short Video",
    "href": "/watch?v=bPICauMUb90",
    "full_url": "https://www.youtube.com/watch?v=bPICauMUb90",
    "content_type": "video"
  },
  "basic_info": {
    "date": "2.4K views",
    "view_count": "2.4K views",
    "channel": "Zochrot"
  },
  "extracted_metadata": {
    "title": "مقاطع من شهادة نعيمة علي - لاجئة من الطنطورة | (Naima Ali - Refugee from al-Tantura (Short Video",
    "date": "2018-08-15",
    "place": "West Bank",
    "topic": "Arrest/Detention",
    "description": "شهادة نعيمة ديب علي سنة الولادة: 1936 مكان الولادة: الطنطورة مكان السكن الحالي: جسر الزرقاء تاريخ المقابلة: 6.12.2016 اجرى المقابلة: رنين جريس - زوخروت لغة المقابلة: العربية للشهادة الكاملة باللغة العربية: • شهاده نعيمة ديب علي - لائجة من قرية الطنطو... עדותה של נעימה דיב עלי שנת לידה: 1936 מקום לידה: אלטַנְטוּרָה מיגורים נוכחיים: ג'סר אלזרקה תאריך ראיון: 6.12.2016 ראיינה: רנין ג'רייס - זוכרות תרגום: עמר אלע'באיר ועמי אשר בשנת 1946 עברה יחד עם בני משפחתה לגור בכפר אלטנטורה. בשנת 1948 גורשה מהכפר יחד עם 1730 תושבים וחזרה לגור בג'סר אלזרקא. לצפייה בעדות המלאה בערבית • شهاده نعيمة ديب علي - لائجة من قرية الطنطو... ----------------- הכפר נכבש ב-22-23 במאי 1948. הצבא הישראלי הרג יותר מ-200 גברים וקבר אותם בקברי אחים. גברים רבים הועברו למחנות מעצר בעתלית ונתניה. הנשים, הילדים והזקנים גורשו ברובם לכפר פרידיס הסמוך. לאחר כחודש, הצבא נכנס לפרידיס וגירש את רוב פליטי אלטנטורה לעיירה טולכרם שבגדה המערבית לעתיד לבוא. Testimony by Naima Deeb al-Ali (1936) Place of birth: al-Tantura Current residence: Jisr az-Zarqa Place of Interview: Jisr az-Zarqa Interviewer: Raneen Jeires - Zochrot Date of Interview: 6.12.2016 Language: Arabic Translation: Umar al-Ghubari and Ami Asher In 1946, she moved with her family to the village of Tantura. In 1948, she was expelled from the village together with its 1730 inhabitants and returned to live in Jisr A-Zarqa. To watch the full testimony in Arabic • شهاده نعيمة ديب علي - لائجة من قرية الطنطو... ------------ The village was occupied on May 22-23, 1948. The Israeli army killed more than 200 men and buried them in communal graves. Many men were transferred to detention camps in Atlit and Netanya. Most of the women, children and old men were expelled to the nearby village of Fureidis. After about a month, the army entered Fureidis and deported most of the refugees from Tantura to the town of Tulkarm in what became the West Bank.",
    "channel": "Zochrot"
  },
  "metadata": {
    "source_url": "https://www.youtube.com",
    "scraped_at": "2025-11-05T22:26:28.068363",
    "extraction_method": "Playlist Video Page"
  }
}