{
  "video_identification": {
    "video_id": "4IWQo2epSr4",
    "title": "Family Reunification after 1967 #gaza #podcast #rightofreturn",
    "full_url": "https://www.youtube.com/shorts/4IWQo2epSr4",
    "content_type": "shorts"
  },
  "basic_info": {
    "duration": "Short Form",
    "channel": "Zochrot",
    "channel_url": "https://www.youtube.com/@Zochrot/shorts"
  },
  "extracted_metadata": {
    "date": "2025-07-29",
    "place": "Jaffa",
    "topic": "Activism/Advocacy",
    "description": "Abed Abu Shehadeh, political activist from #Jaffa, describes how for many families in Jaffa, 1967 wasn’t just about politics, it was about family reunification. People began rediscovering relatives lost since 1948. His grandfather went searching and found the traces of his brother left in #Gaza . …...more ...more Show less",
    "channel": "Zochrot"
  },
  "metadata": {
    "scraped_at": "2025-11-05T22:11:16.518738"
  }
}