{
  "video_identification": {
    "video_id": "cYWCabWrJ4g",
    "title": "Salman AbuSitta, Intervention at Right of Return Seminar, Jerusalem Fund, Washington DC, Nov 2018",
    "href": "/watch?v=cYWCabWrJ4g",
    "full_url": "https://www.youtube.com/watch?v=cYWCabWrJ4g",
    "content_type": "video"
  },
  "basic_info": {
    "date": "41 views",
    "view_count": "41 views",
    "channel": "PalestineLandSociety"
  },
  "extracted_metadata": {
    "title": "Salman AbuSitta, Intervention at Right of Return Seminar, Jerusalem Fund, Washington DC, Nov 2018",
    "date": "2018-12-31",
    "place": "Right",
    "topic": "General Documentation",
    "description": "Key moments View all TANTURA PRESENT SITUATION TANTURA PRESENT SITUATION 10:49 TANTURA PRESENT SITUATION 10:49 HIRIBYA PRESENT SITUATION HIRIBYA PRESENT SITUATION 13:32 HIRIBYA PRESENT SITUATION 13:32 FUTURE HIRIBYA FUTURE HIRIBYA 14:02 FUTURE HIRIBYA 14:02 Transcript Follow along using the transcript. Show transcript PalestineLandSociety 1.09K subscribers",
    "channel": "PalestineLandSociety"
  },
  "metadata": {
    "source_url": "https://www.youtube.com",
    "scraped_at": "2025-11-05T22:40:56.937061",
    "extraction_method": "Playlist Video Page"
  }
}