{
  "video_identification": {
    "video_id": "l7OZEUkTGGQ",
    "title": "Is the return in our favor | השיבה היא לטובתנו?",
    "href": "/watch?v=l7OZEUkTGGQ",
    "full_url": "https://www.youtube.com/watch?v=l7OZEUkTGGQ",
    "content_type": "video"
  },
  "basic_info": {
    "date": "127 views",
    "view_count": "127 views",
    "channel": "Zochrot"
  },
  "extracted_metadata": {
    "title": "Is the return in our favor | השיבה היא לטובתנו?",
    "date": "2018-09-10",
    "place": "Location Not Specified",
    "topic": "Interview/Testimony",
    "description": "\"בלי שיבה לא נוכל להשתחרר מהחיים על החרב. בעזה אנחנו יורים בילדים ובאנשים, בכל מי שמתקרב לגדר ורוצה לשוב. האנשים האלה לא יפסיקו לרצות לשוב!\" ראיון עם יהב זוהר, חבר בפורום יהודים למען שיבה. צילום: עדי טולדנו עריכה: יובל אברהם כתב/ת: יובל אברהם \"We shoot children and people, we shoot anyone who approaches the fence and wants to return, and these people will not stop wanting to return\". An interview with Yahav Zohar, member of the Jewish Forum for Return.",
    "channel": "Zochrot"
  },
  "metadata": {
    "source_url": "https://www.youtube.com",
    "scraped_at": "2025-11-05T22:26:24.928260",
    "extraction_method": "Playlist Video Page"
  }
}