{
  "video_identification": {
    "video_id": "ctTeVi-jF10",
    "title": "Competition for the Reconstruction of the Destroyed Palestinian Villages - Year 5",
    "href": "/watch?v=ctTeVi-jF10",
    "full_url": "https://www.youtube.com/watch?v=ctTeVi-jF10",
    "content_type": "video"
  },
  "basic_info": {
    "date": "187 views",
    "view_count": "187 views",
    "channel": "PalestineLandSociety"
  },
  "extracted_metadata": {
    "title": "Competition for the Reconstruction of the Destroyed Palestinian Villages - Year 5",
    "date": "2020-10-20",
    "place": "Palestine",
    "topic": "Palestinian-Israeli Conflict",
    "description": "Palestine Land Society (PLS), UK, organized an annual competition to redesign destroyed Palestinian villages for their reconstruction on the same site. For the fifth year in a row, Palestinian architectural students in the final year of study in a recognized institution or university are hereby invited to a very exciting competition to build a peaceful and just Palestine. Prizes are waiting for the winners. For more details, please visit our website: www.plands.org/competition Or have a look here: https://www.callforproject.com/contes...",
    "channel": "PalestineLandSociety"
  },
  "metadata": {
    "source_url": "https://www.youtube.com",
    "scraped_at": "2025-11-05T22:40:45.723898",
    "extraction_method": "Playlist Video Page"
  }
}