{
  "video_identification": {
    "video_id": "DDIsW68pHCU",
    "title": "Return Conference \\ Zochrot \\ Panel: Return Now! Local Models (Part 1) \\ Original Languages",
    "href": "/watch?v=DDIsW68pHCU&pp=0gcJCQMKAYcqIYzv",
    "full_url": "https://www.youtube.com/watch?v=DDIsW68pHCU&pp=0gcJCQMKAYcqIYzv",
    "content_type": "video"
  },
  "basic_info": {
    "date": "179 views",
    "view_count": "179 views",
    "channel": "Zochrot"
  },
  "extracted_metadata": {
    "title": "Return Conference \\ Zochrot \\ Panel: Return Now! Local Models (Part 1) \\ Original Languages",
    "date": "2016-05-17",
    "place": "Hebrew",
    "topic": "Refugees/Displacement",
    "description": "How to say 'Awda in Hebrew? The 3rd International Conference on the Return of Palestinian Refugees From: 21-22/03/2016 *Panel: Return Now! Local Models (Part 1)* Chair: Umar al-Ghubari– Coordinator of Space for Return, Zochrot Return to Majdal Asqalan / Ideas and Challenges for Return Return to Al-Birwa / A Post-Return Model of the Village Return to Al-Ghabisiyya / 3D film of the reconstructed village Return to Al-Lajjun / Visiting the village as a practice of return Respondent: Justine Mbabazi Rukeba To watch the panel in Arabic: • مؤتمر العودة الثالث \\ زوخروت \\ العودة الآن... To watch the panel in Hebrew: • כנס השיבה / פאנל: שיבה עכשיו! מודלים מקומי... To watch the panel in English: • Return Conference \\ Zochrot \\ Panel: Retur... To watch the panel in the original languages: • Return Conference \\ Zochrot \\ Panel: Retur... *** about the conference: http://www.zochrot.org/en/event/56261 Like us on Facebook: / zochrot",
    "channel": "Zochrot"
  },
  "metadata": {
    "source_url": "https://www.youtube.com",
    "scraped_at": "2025-11-05T22:26:50.456985",
    "extraction_method": "Playlist Video Page"
  }
}