{
  "video_identification": {
    "video_id": "0gM5kTqNK28",
    "title": "Return Conference \\ Zochrot \\ Panel: \"From Vision to Reality\" \\ 30-09-2013 \\ English Dubbing",
    "href": "/watch?v=0gM5kTqNK28",
    "full_url": "https://www.youtube.com/watch?v=0gM5kTqNK28",
    "content_type": "video"
  },
  "basic_info": {
    "date": "175 views",
    "view_count": "175 views",
    "channel": "Zochrot"
  },
  "extracted_metadata": {
    "title": "Return Conference \\ Zochrot \\ Panel: \"From Vision to Reality\" \\ 30-09-2013 \\ English Dubbing",
    "date": "2014-02-12",
    "place": "Bethlehem",
    "topic": "Refugees/Displacement",
    "description": "***From Truth to Redress: Realizing the Return of Palestinian Refugees International Conference in Tel Aviv, September 29-30 2013*** Panrel: From Vision to Reality: Towards a New Society Chair: Jumana Abo Oxa -- Independent Consultant on Transitional Justice, Mi'liya Return and Compensation Tracks and Second occupant as case study / Noa Levi - Lawyer and a graduate student, Tel-Aviv University Two Steps Forward: Return as a Necessity and a Dream / Ami Asher - Translator and Editor, Member of Zochrot, Jaffa The Theoretical Problems of Education for a Culture of return / Roi Silberberg - Political educator, PhD Candidate, Haifa University The Approach Needed to End the Colonial Nature of Israel and Achieve Justice and Return / BADIL - Resource Center for Palestinian Residency & Refugee Rights, Bethlehem *** Read more about the conference: http://zochrot.org/en/menu/%D7%96%D7%... *** To watch the panel in Hebrew: • כנס השיבה / זוכרות / פאנל: \"מחזון למציאות:... To watch the panel in Arabic: • مؤتمر العودة / ذاكرات - جلسة: \"من الرؤيا إ... To watch the panel in the original languages: • Return Conference \\ Zochrot \\ Panel: \"From... *** Zochrot Website: http://zochrot.org/en Like us on Facebook: / zochrot",
    "channel": "Zochrot"
  },
  "metadata": {
    "source_url": "https://www.youtube.com",
    "scraped_at": "2025-11-05T22:27:23.148500",
    "extraction_method": "Playlist Video Page"
  }
}