{
  "video_identification": {
    "video_id": "dVlYkIrwsPs",
    "title": "קק\"ל - 120 שנות נישול -סיור לכפר אלמע'אר | JNF- 120 years of Dispossession- Tour to al-Mghar village",
    "href": "/watch?v=dVlYkIrwsPs",
    "full_url": "https://www.youtube.com/watch?v=dVlYkIrwsPs",
    "content_type": "video"
  },
  "basic_info": {
    "date": "81 views",
    "view_count": "81 views",
    "channel": "Zochrot"
  },
  "extracted_metadata": {
    "title": "קק\"ל - 120 שנות נישול -סיור לכפר אלמע'אר | JNF- 120 years of Dispossession- Tour to al-Mghar village",
    "date": "2024-03-14",
    "place": "Thus",
    "topic": "Protest/Demonstration",
    "description": "The remains and lands of hundreds of Palestinian communities are hidden within and underneath JNF's forests and parks around the country. Site signs do not mention the names of the destroyed villages nor the Palestinian history of these places. In omitting these details, they are taking an active part in the erasure and denial of Palestinian existence under Zionist colonialism. Thus, JNF sites serve as a tool for shaping a false consciousness in the public. On Land Day, March 30, We visited a number of such sites, learned the names of the villages hidden within them, placed signs containing relevant information about each village and learned about the JNF mechanism for erasure and uprooting of Palestinian villages since its establishment in 1901 until now The tour included four JNF sites: “Ayalon- Canada Park” including tour in the destroyed village of Imwas, one of three villages that were destroyed in 1967 on whose ruins the park was built. “Mrar hills national park”, on the destroyed Palestinian village of al-Maghar that was occupied in 1948. “Plugot forest” that was planted on the lands of two destroyed Palestinian villages, al-Falluja and Karatiyya. al-‘Araqib. A learning and support visit to the village of al-‘Araqib that was destroyed 184 times. We will met a representative of al-Turi family, who continued to fight resolutely for decades against the persecution and dispossession by the Israeli authorities, including the JNF קק\"ל- 120 שנות נישול: פעולה לחשיפת הכפרים הפלסטיניים המחוקים באתרי קק\"ל שרידיהם ואדמותיהם של מאות יישובים פלסטיניים מוסתרים בתוך חורשות ופארקים של הקרן הקיימת לישראל ברחבי הארץ. שלטי ההסבר המוצבים באתרים אלה אינם מזכירים את שמות הכפרים ההרוסים או את ההיסטוריה הפלסטינית של המקום. בכך תורמים גם השלטים לתהליך הדחיקה, המחיקה וההכחשה של הקיום הפלסטיני תחת הקולוניאליזם הציוני, ומשמשים כלי לעיצוב תודעה כוזבת של הציבור. לרגל יום האדמה, החל בה- 30 במרס, יום ההתנגדות לנישול הפלסטינים מאדמתם והפקעתה על ידי מדינת ישראל וזרועותיה, ביקרנו במספר אתרים של הקק\"ל, סיירנו בין שרידי כפרים פלסטיניים הרוסים, נתוודע לשמות הכפרים המוחבאים בין העצים, הצבנו שלטים עם מידע רלוונטי ולמדנו במהלך היום על פרקטיקות המחיקה והעקירה של קק\"ל מאז הקמתה ב- 1901 ועד היום. האירוע התקיים ביום שלישי, ה- 30 במרס 2021, וכלל ארבעה אתרים פארק איילון- קנדה שהוקם ברובו על אדמות כפרי לטרון שנכבשו ב- 1967. סיירנו בין שרידי אחד הכפרים האלה, הכפר עמואס, ולמדנו את סיפורו לעומק גן לאומי גבעות מרר שהוקם על אדמת הכפר הפלסטיני אל-מע'אר שנכבש ב- 1948. יער פלוגות שהוקם על אדמות אל-פאלוג'ה וכרתיא, גם הם נכבשו ב- 1948. אל-עראקיב. ביקור למידה ותמיכה בכפר אל-עראקיב הסובל מרדיפה, נישול אדמות והרס מתמשכים על ידי מוסדות המדינה כולל הקק\"ל. נפגשנו עם נציגים ממשפחת אלטורי שמנהלת מאבק עיקש על היאחזות באדמתה ובכפרה אל-עראקיב למרות שנהרס, נכון לשעת כתיבת שורות אלה, 184 פעמים. הסיור בשפה העברית עם תרגום לאנגלית",
    "channel": "Zochrot"
  },
  "metadata": {
    "source_url": "https://www.youtube.com",
    "scraped_at": "2025-11-05T22:26:10.965555",
    "extraction_method": "Playlist Video Page"
  }
}