{
  "video_identification": {
    "video_id": "oWzgk4BBpoQ",
    "title": "Challenging Militarism: A feminist approach to combating the occupation",
    "href": "/watch?v=oWzgk4BBpoQ",
    "full_url": "https://www.youtube.com/watch?v=oWzgk4BBpoQ",
    "content_type": "video"
  },
  "basic_info": {
    "date": "323 views",
    "view_count": "323 views",
    "channel": "combatantsforpeace5017"
  },
  "extracted_metadata": {
    "title": "Challenging Militarism: A feminist approach to combating the occupation",
    "date": "Date Not Available",
    "place": "Location Not Specified",
    "topic": "Occupation",
    "description": "Occupation - Location Not Specified",
    "channel": "combatantsforpeace5017"
  },
  "metadata": {
    "source_url": "https://www.youtube.com",
    "scraped_at": "2025-11-05T22:51:44.642125",
    "extraction_method": "Playlist Video Page"
  }
}