{
  "video_identification": {
    "video_id": "gmujBNyPSVw",
    "title": "Nakba Ceremony Final Edit 2022",
    "href": "/watch?v=gmujBNyPSVw&pp=0gcJCQMKAYcqIYzv",
    "full_url": "https://www.youtube.com/watch?v=gmujBNyPSVw&pp=0gcJCQMKAYcqIYzv",
    "content_type": "video"
  },
  "basic_info": {
    "date": "107 views",
    "view_count": "107 views",
    "channel": "combatantsforpeace5017"
  },
  "extracted_metadata": {
    "title": "Nakba Ceremony Final Edit 2022",
    "date": "Date Not Available",
    "place": "Location Not Specified",
    "topic": "General Documentation",
    "description": "General Documentation - Location Not Specified",
    "channel": "combatantsforpeace5017"
  },
  "metadata": {
    "source_url": "https://www.youtube.com",
    "scraped_at": "2025-11-05T22:51:45.276940",
    "extraction_method": "Playlist Video Page"
  }
}