{
  "video_identification": {
    "video_id": "DCRwLt8xD8I",
    "title": "Women's Testimonies of the Nakba",
    "href": "/watch?v=DCRwLt8xD8I",
    "full_url": "https://www.youtube.com/watch?v=DCRwLt8xD8I",
    "content_type": "video"
  },
  "basic_info": {
    "date": "7.1K views",
    "view_count": "7.1K views",
    "channel": "Zochrot"
  },
  "extracted_metadata": {
    "title": "Women's Testimonies of the Nakba",
    "date": "2011-03-09",
    "place": "Israel",
    "topic": "Refugees/Displacement",
    "description": "This short documentary collects the oral history testimonies of five Palestinian women living inside Israel today. Four of the women are internally displaced refugees, unable to return to their villages and homes despite remaining within the boundaries of what became Israel in 1948; the fifth remains a resident of her original village, Tarshiha in the northern Galilee. The film aims to convey through these testimonies a sense of women's lives in rural Palestinian communities prior to, during, and after the Nakba, and by doing so to contribute to a fuller understanding of the different and vital roles played by Palestinian women during this period. The documentation forms part of a wider series of oral history projects undertaken by the Zochrot organisation in Israel. www.zochrot.org 2007",
    "channel": "Zochrot"
  },
  "metadata": {
    "source_url": "https://www.youtube.com",
    "scraped_at": "2025-11-05T22:27:33.790058",
    "extraction_method": "Playlist Video Page"
  }
}