{
  "video_identification": {
    "video_id": "YwO0crCguk4",
    "title": "The Tower | البرج | המגדל - trailer",
    "href": "/watch?v=YwO0crCguk4",
    "full_url": "https://www.youtube.com/watch?v=YwO0crCguk4",
    "content_type": "video"
  },
  "basic_info": {
    "date": "360 views",
    "view_count": "360 views",
    "channel": "Zochrot"
  },
  "extracted_metadata": {
    "title": "The Tower | البرج | המגדל - trailer",
    "date": "2018-11-28",
    "place": "Beirut",
    "topic": "Refugees/Displacement",
    "description": "The Tower Director: Mats Grorud Norway, Sweden, France | 2018 | 74 min Beirut, today. Wardi, an eleven-year-old Palestinian girl, lives with her extended family in the refugee camp where she was born. Her beloved great-grandfather Sidi was one of the first people to settle in the camp after being uprooted from his home in 1948. On the day Sidi gives her the key to his old house in the Galilee, she fears he may have lost hope of someday returning home. As she searches for Sidi's lost hope around the camp, she learns the story of four generations of her family and their complex relationships with hope. The film offers an intriguing mixture of puppet animation with 2D techniques, bitter coffee and sweet tea, family saga and national history. המגדל בימוי: מאטס גרורוד נורבגיה, שבדיה, צרפת | 2018 | 74 דק בירות, היום. וורדי, ילדה פלסטינית בת 11, מתגוררת עם משפחתה המורחבת במחנה הפליטים שבו נולדה. סבא רבא האהוב שלה סידי היה אחד מהראשונים שהגיעו למחנה לאחר שגורש מביתו ב-1948. ביום שבו סידי נותן לה את המפתח לביתו הישן בגליל, היא מתמלאת פחד שמא איבד את התקווה לשוב ביום מן הימים הביתה. בחיפושיה אחר תקוותו האבודה של סידי ברחבי המחנה, היא לומדת את סיפורם של ארבעת הדורות במשפחתה ואת יחסיהם המורכבים עם התקווה. הסרט מגיש לצופה תערובת מרתקת של אנימציית בובות וטכניקות דו-ממדיות, קפה מר ותה מתוק, סאגה משפחתית והסטוריה לאומית. البرج إخراج: ماتس غرورود النرويج، السويد، فرنسا | 2018 | 74 دقيقة بيروت، اليوم، تعيش وردة، وهي طفلة فلسطينيّة في الـ 11 من عمرها، مع عائلتها الموسّعة في مخيم اللاجئين الذي ولدت فيه. جدّها الأكبر، الأحبّ إلى قلبها، كان من بين الأوائل الذين قدموا إلى المخيّم، بعد تهجيره من منزله في عام 1948. في اليوم الذي يسّلمها فيه جدّها مفاتيح منزله القديم في الجليل، ينتابها خوف شديد من احتمال فقدانه أمل العودة إلى منزله في يوم من الأيام. في بحثها وراء أمل جدها المفقود في أرجاء المخيّم، تسمع وردة قصص الأجيال الأربعة لعائلتها، وعلاقاتهم المركّبة مع الأمل. يقدّم الفيلم للمشاهد توليفة شيّقة لدمى متحرّكة وتقنيات ثنائيّة-الأبعاد، قهوة مرّة المذاق وشاي حلو المذاق، ملحمة عائليّة وتاريخ وطنيّ.",
    "channel": "Zochrot"
  },
  "metadata": {
    "source_url": "https://www.youtube.com",
    "scraped_at": "2025-11-05T22:26:21.973678",
    "extraction_method": "Playlist Video Page"
  }
}