{
  "video_identification": {
    "video_id": "QS9mwWRAiTE",
    "title": "Interfaith Women's Prayer for Peace",
    "href": "/watch?v=QS9mwWRAiTE",
    "full_url": "https://www.youtube.com/watch?v=QS9mwWRAiTE",
    "content_type": "video"
  },
  "basic_info": {
    "date": "289 views",
    "view_count": "289 views",
    "channel": "rabbisforhumanrights4516"
  },
  "extracted_metadata": {
    "title": "Interfaith Women's Prayer for Peace",
    "date": "2024-11-11",
    "place": "Jerusalem",
    "topic": "Human Rights",
    "description": "On Thursday we went to pick olives in the village of Battir as a group from the Interfaith Forum for Human Rights, Praying Together in Jerusalem and Rabbis for Human Rights. We ended the day with an interfaith prayer for peace. The joint action and prayer inspire hope and faith that together we can face the difficult reality and build a better future. يوم الخميس ذهبنا لقطف الزيتون في قرية بتير كمجموعة من منتدى الأديان لحقوق الإنسان، نصلي معًا في القدس وحاخامات من أجل حقوق الإنسان. لقد أنهينا اليوم بصلاة مشتركة من أجل السلام. إن العمل المشترك والصلاة يلهمان الأمل والإيمان بأننا معًا نستطيع مواجهة الواقع الصعب وبناء مستقبل أفضل. ביום חמישי יצאנו למסיק בכפר בתיר כקבוצה של הפורום הבין דתי לזכויות אדם, מתפללים ביחד בירושלים וקול רבני לזכויות אדם. סיימנו את היום בתפילה בין דתית למען השלום. הפעולה והתפילה המשותפות מעוררות תקווה ואמונה שביחד נוכל להתמודד עם המציאות הקשה ולבנות עתיד טוב יותר.",
    "channel": "rabbisforhumanrights4516"
  },
  "metadata": {
    "source_url": "https://www.youtube.com",
    "scraped_at": "2025-11-05T22:22:17.057819",
    "extraction_method": "Playlist Video Page"
  }
}