{
  "video_identification": {
    "video_id": "ziFYqFIYcz0",
    "title": "Violent SETTLER attacks across the WEST BANK - End the violence now!",
    "full_url": "https://www.youtube.com/shorts/ziFYqFIYcz0",
    "content_type": "shorts"
  },
  "basic_info": {
    "duration": "Short Form",
    "channel": "rabbisforhumanrights4516",
    "channel_url": "https://www.youtube.com/@rabbisforhumanrights4516/shorts"
  },
  "extracted_metadata": {
    "date": "2025-01-23",
    "place": "West Bank",
    "topic": "Palestinian-Israeli Conflict",
    "description": "Avi Dabush, survivor of the October 7th massacre by Hamas, calls for an end to Jewish terror in the West Bank upon Palestinians. Welcoming the ceasefire and hostage deal in Gaza, giving respite to Palestinians and Israelis alike, we cannot allow the situation in the West Bank to worsen.",
    "channel": "rabbisforhumanrights4516"
  },
  "metadata": {
    "scraped_at": "2025-11-05T22:10:32.702761"
  }
}