{
  "video_identification": {
    "video_id": "iYsSLbgKiQU",
    "title": "Return Conference \\ Zochrot \\ Panel: \"Return Now\" \\ 30-09-2013 \\ Tel Aviv \\ English Dubbing",
    "href": "/watch?v=iYsSLbgKiQU",
    "full_url": "https://www.youtube.com/watch?v=iYsSLbgKiQU",
    "content_type": "video"
  },
  "basic_info": {
    "date": "283 views",
    "view_count": "283 views",
    "channel": "Zochrot"
  },
  "extracted_metadata": {
    "title": "Return Conference \\ Zochrot \\ Panel: \"Return Now\" \\ 30-09-2013 \\ Tel Aviv \\ English Dubbing",
    "date": "2013-10-30",
    "place": "Tel",
    "topic": "Refugees/Displacement",
    "description": "***From Truth to Redress: Realizing the Return of Palestinian Refugees International Conference in Tel Aviv, September 29-30 2013*** Panel: Return Now! Reports from the Field Chair: Umar al-Ghubari - Landscape & Space, Zochrot • Returning to Gaza / Dr. Munir Nuseibah - Director at Al-Quds Human Rights Clinic • Returning to Iqrit / A representative of the Iqrit returnees • Returning to Mi'ar / Mi'ar Group for the Vision of Return • Returning to Mi'ar / Michal Ran -- Ph.D Candidate, University of Chicago • Returning to al-Ruis / Ibraheem Abu al-Hayja - Refugee from al-Ruis • Returning to al-'Araqib / A representative of the al-'Araqib returnees • Returning to al-Lajun / al-Lajun Group for the Vision of Return *** Read more about the conference: http://zochrot.org/en/menu/%D7%96%D7%... *** To watch the panel in Hebrew: • כנס השיבה / זוכרות / פאנל: \"שיבה עכשיו\" / ... To watch the panel in Arabic: • مؤتمر العودة / ذاكرات - زوخروت / جلسة: \"ال... To watch the panel in original languages: • Return Conference \\ Zochrot \\ Panel: \"Retu... *** Zochrot Website: http://zochrot.org/en Like us on Facebook: / zochrot",
    "channel": "Zochrot"
  },
  "metadata": {
    "source_url": "https://www.youtube.com",
    "scraped_at": "2025-11-05T22:27:25.020017",
    "extraction_method": "Playlist Video Page"
  }
}