{
  "video_identification": {
    "video_id": "4ouT5U_9EAs",
    "title": "Dr Salman Abu Sitta’s Address to Balfour at the University of Edinburgh-PLS -Arabic",
    "href": "/watch?v=4ouT5U_9EAs",
    "full_url": "https://www.youtube.com/watch?v=4ouT5U_9EAs",
    "content_type": "video"
  },
  "basic_info": {
    "date": "87 views",
    "view_count": "87 views",
    "channel": "PalestineLandSociety"
  },
  "extracted_metadata": {
    "title": "Dr Salman Abu Sitta’s Address to Balfour at the University of Edinburgh-PLS -Arabic",
    "date": "2025-05-07",
    "place": "Location Not Specified",
    "topic": "General Documentation",
    "description": "Transcript Follow along using the transcript. Show transcript PalestineLandSociety 1.09K subscribers",
    "channel": "PalestineLandSociety"
  },
  "metadata": {
    "source_url": "https://www.youtube.com",
    "scraped_at": "2025-11-05T22:40:32.375369",
    "extraction_method": "Playlist Video Page"
  }
}