{
  "video_identification": {
    "video_id": "Va-tLXC46jo",
    "title": "Language of the Scarf / שפת המטפחת / لغة المنديل",
    "href": "/watch?v=Va-tLXC46jo",
    "full_url": "https://www.youtube.com/watch?v=Va-tLXC46jo",
    "content_type": "video"
  },
  "basic_info": {
    "date": "746 views",
    "view_count": "746 views",
    "channel": "Zochrot"
  },
  "extracted_metadata": {
    "title": "Language of the Scarf / שפת המטפחת / لغة المنديل",
    "date": "2011-01-06",
    "place": "Location Not Specified",
    "topic": "General Documentation",
    "description": "לוטפייה סמעאן מכפר סוחמאתא ההרוס בגליל העליון (אזור צוריאל) מספרת על החיים התרבותיים בסוחמאתא, ובייחוד על המטפחות ועבודות היד שנשים עשו لطفية سمعان من قرية سحماتا المهجرة تتحدث عن المناديل التي استعملتهن نساء سحماتا قبل عام 1948 وعن التطريز الذي عملت به النساء انذاك זוכרות, 2008",
    "channel": "Zochrot"
  },
  "metadata": {
    "source_url": "https://www.youtube.com",
    "scraped_at": "2025-11-05T22:27:34.826540",
    "extraction_method": "Playlist Video Page"
  }
}