{
  "video_identification": {
    "video_id": "5ILByKUOT8M",
    "title": "The Israel-UAE-Bahrain Deal: how will it impact Israel, Palestine and the USA Elections?",
    "href": "/watch?v=5ILByKUOT8M",
    "full_url": "https://www.youtube.com/watch?v=5ILByKUOT8M",
    "content_type": "video"
  },
  "basic_info": {
    "date": "189 views",
    "view_count": "189 views",
    "channel": "combatantsforpeace5017"
  },
  "extracted_metadata": {
    "title": "The Israel-UAE-Bahrain Deal: how will it impact Israel, Palestine and the USA Elections?",
    "date": "Date Not Available",
    "place": "Israel",
    "topic": "General Documentation",
    "description": "General Documentation - Israel",
    "channel": "combatantsforpeace5017"
  },
  "metadata": {
    "source_url": "https://www.youtube.com",
    "scraped_at": "2025-11-05T22:51:53.777719",
    "extraction_method": "Playlist Video Page"
  }
}