{
  "video_identification": {
    "video_id": "BFJMIZ2YjuQ",
    "title": "Atlas of Palestine 1871 - 1877 (Promo)",
    "href": "/watch?v=BFJMIZ2YjuQ",
    "full_url": "https://www.youtube.com/watch?v=BFJMIZ2YjuQ",
    "content_type": "video"
  },
  "basic_info": {
    "date": "141 views",
    "view_count": "141 views",
    "channel": "PalestineLandSociety"
  },
  "extracted_metadata": {
    "title": "Atlas of Palestine 1871 - 1877 (Promo)",
    "date": "2020-10-09",
    "place": "Palestine",
    "topic": "Settlement Expansion",
    "description": "We are pleased to announce the publication of this Atlas, after several years of research. The Atlas shows Arab Palestine before the Zionist colonization of Palestine. It has 13,000 names of towns, villages and places. There was not one Zionist colony. The Atlas is based on the British Survey (SWP) organized by Palestine Exploration Fund (PEF), after having been checked for accuracy of maps and name correction. The Atlas of Palestine 1871 - 1877 is available through our distributors around the world. You can order your copy now by contacting your nearest distributor.",
    "channel": "PalestineLandSociety"
  },
  "metadata": {
    "source_url": "https://www.youtube.com",
    "scraped_at": "2025-11-05T22:40:46.172170",
    "extraction_method": "Playlist Video Page"
  }
}