{
  "video_identification": {
    "video_id": "1iU_35kxI1E",
    "title": "Green Olive + Zochrot discuss the nakba, refugees and more",
    "href": "/watch?v=1iU_35kxI1E&pp=0gcJCQMKAYcqIYzv",
    "full_url": "https://www.youtube.com/watch?v=1iU_35kxI1E&pp=0gcJCQMKAYcqIYzv",
    "content_type": "video"
  },
  "basic_info": {
    "date": "355 views",
    "view_count": "355 views",
    "channel": "greenolivetours5614"
  },
  "extracted_metadata": {
    "title": "Green Olive + Zochrot discuss the nakba, refugees and more",
    "date": "2021-03-22",
    "place": "Hebrew",
    "topic": "Refugees/Displacement",
    "description": "The latest in our series of partnerships with like-minded civil society actors was with the Israeli NGO Zochrot (\"Remembering' in Hebrew). They have been working since 2002 to promote acknowledgement and accountability for the ongoing injustices of the Nakba, the Palestinian catastrophe of 1948. Umar Al-Ghubari discusses Zochrot’s work and introduces what the Nakba is. Green Olive's Yahav Zohar then takes us for a virtual tour of some of the depopulated Palestinian villages along route 1 to the west of Jerusalem. Finally we discuss the Palestinian refugees' Right of Return and explore Zochrot’s work to understand the practical and social changes needed to make this a realistic possibility.",
    "channel": "greenolivetours5614"
  },
  "metadata": {
    "source_url": "https://www.youtube.com",
    "scraped_at": "2025-11-05T22:12:20.729842",
    "extraction_method": "Playlist Video Page"
  }
}