{
  "video_identification": {
    "video_id": "LcRgb3lZO4A",
    "title": "A talk about Annexation with Combatants for Peace and Telos",
    "href": "/watch?v=LcRgb3lZO4A",
    "full_url": "https://www.youtube.com/watch?v=LcRgb3lZO4A",
    "content_type": "video"
  },
  "basic_info": {
    "date": "94 views",
    "view_count": "94 views",
    "channel": "combatantsforpeace5017"
  },
  "extracted_metadata": {
    "title": "A talk about Annexation with Combatants for Peace and Telos",
    "date": "Date Not Available",
    "place": "Location Not Specified",
    "topic": "Annexation with Combatants for Peace and Telos",
    "description": "Annexation with Combatants for Peace and Telos - Location Not Specified",
    "channel": "combatantsforpeace5017"
  },
  "metadata": {
    "source_url": "https://www.youtube.com",
    "scraped_at": "2025-11-05T22:51:54.856849",
    "extraction_method": "Playlist Video Page"
  }
}