{
  "video_identification": {
    "video_id": "nNBSoCJ9d9I",
    "title": "Another Way Forward: Co-Creating Amid Catastrophe",
    "href": "/watch?v=nNBSoCJ9d9I",
    "full_url": "https://www.youtube.com/watch?v=nNBSoCJ9d9I",
    "content_type": "video"
  },
  "basic_info": {
    "date": "530 views",
    "view_count": "530 views",
    "channel": "combatantsforpeace5017"
  },
  "extracted_metadata": {
    "title": "Another Way Forward: Co-Creating Amid Catastrophe",
    "date": "Date Not Available",
    "place": "Location Not Specified",
    "topic": "General Documentation",
    "description": "General Documentation - Location Not Specified",
    "channel": "combatantsforpeace5017"
  },
  "metadata": {
    "source_url": "https://www.youtube.com",
    "scraped_at": "2025-11-05T22:51:38.603072",
    "extraction_method": "Playlist Video Page"
  }
}