{
  "video_identification": {
    "video_id": "OJUziShVpgI",
    "title": "Salman Abu Sitta \"The Right of Return: The Only Key To Peace\" (Full lecture)",
    "href": "/watch?v=OJUziShVpgI",
    "full_url": "https://www.youtube.com/watch?v=OJUziShVpgI",
    "content_type": "video"
  },
  "basic_info": {
    "date": "584 views",
    "view_count": "584 views",
    "channel": "PalestineLandSociety"
  },
  "extracted_metadata": {
    "title": "Salman Abu Sitta \"The Right of Return: The Only Key To Peace\" (Full lecture)",
    "date": "2019-10-27",
    "place": "Location Not Specified",
    "topic": "Refugees/Displacement",
    "description": "Salman Abu Sitta: \"The Right of Return: The Only Key To Peace\" - The Edward Said Memorial Lecture. (Full length), at the University of South Australia City West Campus -Adelaide, Australia. You can jump to any segment: 00:00 Introduction of Samer Shahin 08:03 Introduction of Bassem Dally 17:50 Dr. Salman Abu Sitta Lecture 18:40 1) Edward Said / Australia 33:30 2) Al-Nakba 42:33 3) The Way Forward 51:15 4) Reconstruction of Destroyed Villages 01:01:30 5) ANZACS 01:09:02 6) I Have Faith 01:12:25 Q & A",
    "channel": "PalestineLandSociety"
  },
  "metadata": {
    "source_url": "https://www.youtube.com",
    "scraped_at": "2025-11-05T22:40:52.697503",
    "extraction_method": "Playlist Video Page"
  }
}