{
  "video_identification": {
    "video_id": "GbBs3V2ePzI",
    "title": "קרן קיימת למי?? National Fund to whom??",
    "href": "/watch?v=GbBs3V2ePzI",
    "full_url": "https://www.youtube.com/watch?v=GbBs3V2ePzI",
    "content_type": "video"
  },
  "basic_info": {
    "date": "366 views",
    "view_count": "366 views",
    "channel": "Zochrot"
  },
  "extracted_metadata": {
    "title": "קרן קיימת למי?? National Fund to whom??",
    "date": "2011-03-09",
    "place": "Location Not Specified",
    "topic": "General Documentation",
    "description": "צעדה בשדרות רוטשילד בתל אביב שאורגנה ע\"י עמותת זוכרות ואמנים ללא חומות, כמחאה למיצג \"קופסה בשדרה\" של הקק\"ל. אדמותיהם של 70 כפרים נמצאים כיום בשטחי הפארקים של הקק\"ל. במשך השנים, קק\"ל נטעה על חורבותיהם יערות ופארקים, תוך התעלמות מההיסטוריה הפלסטינית של המקום בו אנו חיים, יהודים וערבים. צילום ועריכה: אהוד שם טוב הפקה: הטללויזיה החברתית",
    "channel": "Zochrot"
  },
  "metadata": {
    "source_url": "https://www.youtube.com",
    "scraped_at": "2025-11-05T22:27:34.006189",
    "extraction_method": "Playlist Video Page"
  }
}