{
  "video_identification": {
    "video_id": "Ndq3csw6ZJo",
    "title": "Solidarity: A Path to Liberation - Combatants for Peace",
    "href": "/watch?v=Ndq3csw6ZJo&pp=0gcJCQMKAYcqIYzv",
    "full_url": "https://www.youtube.com/watch?v=Ndq3csw6ZJo&pp=0gcJCQMKAYcqIYzv",
    "content_type": "video"
  },
  "basic_info": {
    "date": "2.4K views",
    "view_count": "2.4K views",
    "channel": "combatantsforpeace5017"
  },
  "extracted_metadata": {
    "title": "Solidarity: A Path to Liberation - Combatants for Peace",
    "date": "Date Not Available",
    "place": "Location Not Specified",
    "topic": "General Documentation",
    "description": "General Documentation - Location Not Specified",
    "channel": "combatantsforpeace5017"
  },
  "metadata": {
    "source_url": "https://www.youtube.com",
    "scraped_at": "2025-11-05T22:51:41.228841",
    "extraction_method": "Playlist Video Page"
  }
}