{
  "video_identification": {
    "video_id": "hvIv5DrrTEE",
    "title": "Avi Dabush on October 7th and the path to peace and justice - Dutch TV show, Petrus in Het Land",
    "href": "/watch?v=hvIv5DrrTEE",
    "full_url": "https://www.youtube.com/watch?v=hvIv5DrrTEE",
    "content_type": "video"
  },
  "basic_info": {
    "date": "85 views",
    "view_count": "85 views",
    "channel": "rabbisforhumanrights4516"
  },
  "extracted_metadata": {
    "title": "Avi Dabush on October 7th and the path to peace and justice - Dutch TV show, Petrus in Het Land",
    "date": "2025-05-14",
    "place": "Het",
    "topic": "Human Rights",
    "description": "Transcript Follow along using the transcript. Show transcript רבנים לזכויות אדם | Rabbis for Human Rights 147 subscribers",
    "channel": "rabbisforhumanrights4516"
  },
  "metadata": {
    "source_url": "https://www.youtube.com",
    "scraped_at": "2025-11-05T22:22:15.385380",
    "extraction_method": "Playlist Video Page"
  }
}