{
  "video_identification": {
    "video_id": "zYWpChdnD64",
    "title": "Foreword + First panel | Live testimonies: Zalman Arazi, Jewish witness – 1948 fighter",
    "href": "/watch?v=zYWpChdnD64&pp=0gcJCQMKAYcqIYzv",
    "full_url": "https://www.youtube.com/watch?v=zYWpChdnD64&pp=0gcJCQMKAYcqIYzv",
    "content_type": "video"
  },
  "basic_info": {
    "date": "359 views",
    "view_count": "359 views",
    "channel": "Zochrot"
  },
  "extracted_metadata": {
    "title": "Foreword + First panel | Live testimonies: Zalman Arazi, Jewish witness – 1948 fighter",
    "date": "2015-02-12",
    "place": "Beersheba",
    "topic": "Interview/Testimony",
    "description": "Truth Commission on the Responsibility of Israeli Society for the Events of 1948-1960 in the South Public Event on Wednesday, December 10, 2014 in Beersheba / Bir al-Saba’ 10:00-19:00 Foreword by the Commission Chair + First panel | Live testimonies: Zalman Arazi \"Tzofen\", Jewish witness – 1948 fighter",
    "channel": "Zochrot"
  },
  "metadata": {
    "source_url": "https://www.youtube.com",
    "scraped_at": "2025-11-05T22:27:10.211970",
    "extraction_method": "Playlist Video Page"
  }
}