{
  "video_identification": {
    "video_id": "3awYkoPYMAw",
    "title": "Disturbing The Peace Official Trailer - Documentary- Combatants for Peace-",
    "href": "/watch?v=3awYkoPYMAw",
    "full_url": "https://www.youtube.com/watch?v=3awYkoPYMAw",
    "content_type": "video"
  },
  "basic_info": {
    "date": "1.8K views",
    "view_count": "1.8K views",
    "channel": "combatantsforpeace5017"
  },
  "extracted_metadata": {
    "title": "Disturbing The Peace Official Trailer - Documentary- Combatants for Peace-",
    "date": "Date Not Available",
    "place": "Location Not Specified",
    "topic": "Documentary/Investigation",
    "description": "Documentary/Investigation - Location Not Specified",
    "channel": "combatantsforpeace5017"
  },
  "metadata": {
    "source_url": "https://www.youtube.com",
    "scraped_at": "2025-11-05T22:51:57.421425",
    "extraction_method": "Playlist Video Page"
  }
}