{
  "video_identification": {
    "video_id": "DcHXTfJv2jk",
    "title": "Daily Minute with Fred Schlomka 28 June",
    "href": "/watch?v=DcHXTfJv2jk",
    "full_url": "https://www.youtube.com/watch?v=DcHXTfJv2jk",
    "content_type": "video"
  },
  "basic_info": {
    "date": "20 views",
    "view_count": "20 views",
    "channel": "greenolivetours5614"
  },
  "extracted_metadata": {
    "title": "Daily Minute with Fred Schlomka 28 June",
    "date": "2020-06-28",
    "place": "Israel",
    "topic": "Christianity and missionising",
    "description": "Christianity and missionising in Israel and Palestine",
    "channel": "greenolivetours5614"
  },
  "metadata": {
    "source_url": "https://www.youtube.com",
    "scraped_at": "2025-11-05T22:12:28.351810",
    "extraction_method": "Playlist Video Page"
  }
}