{
  "video_identification": {
    "video_id": "lXUA1E9NGuQ",
    "title": "Second panel | Live testimonies Amnon Neumann - Jewish witness – 1948 fighter",
    "href": "/watch?v=lXUA1E9NGuQ",
    "full_url": "https://www.youtube.com/watch?v=lXUA1E9NGuQ",
    "content_type": "video"
  },
  "basic_info": {
    "date": "1.1K views",
    "view_count": "1.1K views",
    "channel": "Zochrot"
  },
  "extracted_metadata": {
    "title": "Second panel | Live testimonies Amnon Neumann - Jewish witness – 1948 fighter",
    "date": "2015-02-12",
    "place": "Beersheba",
    "topic": "Interview/Testimony",
    "description": "Truth Commission on the Responsibility of Israeli Society for the Events of 1948-1960 in the South Public Event on Wednesday, December 10, 2014 in Beersheba / Bir al-Saba’ 10:00-19:00 Second panel | Live testimonies Amon Noumann - Jewish witness – 1948 fighter",
    "channel": "Zochrot"
  },
  "metadata": {
    "source_url": "https://www.youtube.com",
    "scraped_at": "2025-11-05T22:27:09.794303",
    "extraction_method": "Playlist Video Page"
  }
}