{
  "video_identification": {
    "video_id": "QZOfBEPjhAU",
    "title": "Awards of the 6th year competition for the reconstruction of destroyed Palestinian villages",
    "href": "/watch?v=QZOfBEPjhAU",
    "full_url": "https://www.youtube.com/watch?v=QZOfBEPjhAU",
    "content_type": "video"
  },
  "basic_info": {
    "date": "358 views",
    "view_count": "358 views",
    "channel": "PalestineLandSociety"
  },
  "extracted_metadata": {
    "title": "Awards of the 6th year competition for the reconstruction of destroyed Palestinian villages",
    "date": "2022-09-10",
    "place": "Location Not Specified",
    "topic": "Palestinian-Israeli Conflict",
    "description": "Music 1 songs Athar Ala LrimalZiad RahbaniAthar Ala Lrimal Music Transcript Follow along using the transcript. Show transcript PalestineLandSociety 1.09K subscribers",
    "channel": "PalestineLandSociety"
  },
  "metadata": {
    "source_url": "https://www.youtube.com",
    "scraped_at": "2025-11-05T22:40:39.848354",
    "extraction_method": "Playlist Video Page"
  }
}