{
  "video_identification": {
    "video_id": "DrZXFjkS79A",
    "title": "דיפלומט הולנדי מתנצל שקק\"ל נטעה עצים בשם אביו \\ Erik Ader protested JNF's use of his father's name",
    "href": "/watch?v=DrZXFjkS79A",
    "full_url": "https://www.youtube.com/watch?v=DrZXFjkS79A",
    "content_type": "video"
  },
  "basic_info": {
    "date": "539 views",
    "view_count": "539 views",
    "channel": "Zochrot"
  },
  "extracted_metadata": {
    "title": "דיפלומט הולנדי מתנצל שקק\"ל נטעה עצים בשם אביו \\ Erik Ader protested JNF's use of his father's name",
    "date": "2016-11-28",
    "place": "Location Not Specified",
    "topic": "Protest/Demonstration",
    "description": "18\\11\\2016 אריק אדר, דיפלומט הולנדי לשעבר שאביו הציל יהודים במלחמת העולם השניה ועל שמו נטעה הקק\"ל 1100 עצים על אדמת בית נתיף, ביקר בכפר ההרוס והביע את מחאתו על השימוש שקק\"ל עשתה בשם אביו כדי לחפות על הטיהור האתני של הפלסטינים לצפיה בסיור המלא http://zochrot.org/ar/tour/56209 Erik Ader, a former Dutch diplomat whose father had saved Jews in the Second World War and in whose name the JNF planted 1100 trees on the lands of Beit Nattif, visited the destroyed village to protest JNF's use of his father's name to cover up for the ethnic cleansing of Palestinians. To watch the full tour http://zochrot.org/en/tour/56209",
    "channel": "Zochrot"
  },
  "metadata": {
    "source_url": "https://www.youtube.com",
    "scraped_at": "2025-11-05T22:26:43.746195",
    "extraction_method": "Playlist Video Page"
  }
}