{
  "video_identification": {
    "video_id": "lAdC692jsn4",
    "title": "The 76th anniversary of the Dayr Yasin massacre | Virtual event",
    "href": "/watch?v=lAdC692jsn4",
    "full_url": "https://www.youtube.com/watch?v=lAdC692jsn4",
    "content_type": "video"
  },
  "basic_info": {
    "date": "114 views",
    "view_count": "114 views",
    "channel": "Zochrot"
  },
  "extracted_metadata": {
    "title": "The 76th anniversary of the Dayr Yasin massacre | Virtual event",
    "date": "2024-04-11",
    "place": "Gaza Strip",
    "topic": "Arrest/Detention",
    "description": "April 7, 2024 | 20:00 (Dayr Yasin time) Virtual event via Zoom: Exposing past injustices, fighting present crimes, shaping a new future. a Virtual memorial event on the occasion of the 76th anniversary of the Dayr Yasin massacre, the occupation of the village and the expulsion of its inhabitants. Every year Zochrot holds a memorial tour in the area of Dayr Yasin, most of whose houses were destroyed by the State of Israel and in their place a Jewish neighborhood was built, the Har Nof neighborhood, and other neighborhoods were expanded, such as the Givat Shaul neighborhood. This year, in the shadow of the murderous attack on Gaza and the hostile atmosphere in the Israeli street, it is not possible to physically meet in the village and hold a tour. Because of this, the tour took place this time in virtual space through the zoom platform. We at Zochrot believe that the tradition of commemorating the Palestinian Nakba should be continued, including the Dayr Yasin Massacre Memorial Ceremony, despite the conditions that limit activities in the field, continue to make information about the crimes of the Nakba accessible and call for justice to be done towards the Palestinian people, justice that is based on recognizing the Nakba, correcting injustices and implementing the right to return of the Palestinian refugees. The reports on the atrocities committed by Israel in Gaza, mass killings, erasing neighborhoods, displacement of citizens, collective and personal humiliation, trampling on human rights and the annihilation of the Palestinian existential space; show that the Nakba continues even these days, right in front of our eyes. In view of this policy, because of which Israel is being sued in the International Court of Justice for committing genocide and war crimes, we must continue, with persistence and determination, to fight and expose the truth and the ongoing injustice since 1948. In the virtual meeting on Sunday April 7, 2024, we will tell about the history of Dayr Yasin which was attacked on April 9, 1948, we will explain about the occupation, the massacre and the ethnic cleansing, and we will present maps and photos. We will describe the current colonial situation and see some of the remains of the village, such as private houses, a school and a cemetery. The event will be held in Hebrew with simultaneous English translation.",
    "channel": "Zochrot"
  },
  "metadata": {
    "source_url": "https://www.youtube.com",
    "scraped_at": "2025-11-05T22:26:09.684053",
    "extraction_method": "Playlist Video Page"
  }
}