{
  "video_identification": {
    "video_id": "NRCvP0X8dzI",
    "title": "La loi sur la Nakba, en allemand ça sonne pire...",
    "href": "/watch?v=NRCvP0X8dzI",
    "full_url": "https://www.youtube.com/watch?v=NRCvP0X8dzI",
    "content_type": "video"
  },
  "basic_info": {
    "date": "186 views",
    "view_count": "186 views",
    "channel": "Zochrot"
  },
  "extracted_metadata": {
    "title": "La loi sur la Nakba, en allemand ça sonne pire...",
    "date": "2014-09-30",
    "place": "Aparicio",
    "topic": "General Documentation",
    "description": "Cette vidéo décrit une action menée contre la loi sur la Nakba, durant les célébrations de la veille du Jour de l'Indépendance israélienne, le 9 mai 2011 à Tel Aviv. Cette action, intitulée \"La loi sur la Nakba: en allemand, ça sonne pire\", avait pour objectif principal de provoquer le débat sur cette loi antidémocratique et dangereuse. Hébreu, sous titres en français 8'13 minutes 2011 Film et montage: Lia Tarachansky Traduction en français: Eléonore Merza Sous-titrage: Eitan Bronstein Aparicio",
    "channel": "Zochrot"
  },
  "metadata": {
    "source_url": "https://www.youtube.com",
    "scraped_at": "2025-11-05T22:27:15.472077",
    "extraction_method": "Playlist Video Page"
  }
}