{
  "video_identification": {
    "video_id": "SkmbG0brRaw",
    "title": "Protective Presence in the Jordan Valley with T'ruah",
    "href": "/watch?v=SkmbG0brRaw&pp=0gcJCQMKAYcqIYzv",
    "full_url": "https://www.youtube.com/watch?v=SkmbG0brRaw&pp=0gcJCQMKAYcqIYzv",
    "content_type": "video"
  },
  "basic_info": {
    "date": "86 views",
    "view_count": "86 views",
    "channel": "rabbisforhumanrights4516"
  },
  "extracted_metadata": {
    "title": "Protective Presence in the Jordan Valley with T'ruah",
    "date": "2023-12-06",
    "place": "Jordan Valley",
    "topic": "Human Rights",
    "description": "Transcript Follow along using the transcript. Show transcript רבנים לזכויות אדם | Rabbis for Human Rights 147 subscribers",
    "channel": "rabbisforhumanrights4516"
  },
  "metadata": {
    "source_url": "https://www.youtube.com",
    "scraped_at": "2025-11-05T22:22:20.476761",
    "extraction_method": "Playlist Video Page"
  }
}